lat,lon,Rssi
47.653789,-122.3064724,-68.0
47.65379001,-122.3064738,-67.0
47.65379103,-122.3064752,-66.0
47.65379204,-122.3064767,-64.0
47.65379307,-122.306478,-64.0
47.65379448,-122.3064784,-64.0
47.6537958,-122.3064788,-65.0
47.65379721,-122.3064792,-80.0
47.65379863,-122.3064796,-66.0
47.65380004,-122.30648,-63.0
47.65380145,-122.3064804,-61.0
47.65380286,-122.3064808,-59.0
47.65380427,-122.3064812,-69.0
47.6538057,-122.3064816,-61.0
47.653807,-122.306482,-56.0
47.65380841,-122.3064824,-59.0
47.65380983,-122.3064828,-59.0
47.65381124,-122.3064832,-55.0
47.65381267,-122.3064836,-62.0
47.65381408,-122.306484,-66.0
47.6538155,-122.3064844,-58.0
47.65381681,-122.3064848,-57.0
47.65381822,-122.3064852,-62.0
47.65381964,-122.3064856,-53.0
47.65382105,-122.306486,-51.0
47.65382248,-122.3064864,-49.0
47.6538239,-122.3064868,-49.0
47.65382663,-122.3064876,-48.0
47.65382804,-122.306488,-54.0
47.65382946,-122.3064884,-52.0
47.65383088,-122.3064888,-52.0
47.65383227,-122.3064892,-58.0
47.65383368,-122.3064896,-53.0
47.65383522,-122.3064901,-56.0
47.65383845,-122.3064919,-51.0
47.65384473,-122.3064955,-52.0
47.65384795,-122.3064973,-51.0
47.65385077,-122.306499,-49.0
47.65384654,-122.3064981,-49.0
47.6538423,-122.3064973,-50.0
47.65383805,-122.3064965,-49.0
47.65382999,-122.3064951,-47.0
47.65382979,-122.3064973,-49.0
47.65382959,-122.3064995,-48.0
47.65382939,-122.3065017,-48.0
47.65382919,-122.3065039,-49.0
47.65382904,-122.306506,-50.0
47.65382984,-122.3065062,-47.0
47.65383066,-122.3065064,-49.0
47.65383145,-122.3065066,-50.0
47.65383226,-122.3065068,-49.0
47.65383276,-122.3065068,-50.0
47.65382715,-122.306502,-51.0
47.65382436,-122.3064996,-51.0
47.65382158,-122.3064972,-55.0
47.65381887,-122.306495,-55.0
47.65381728,-122.306495,-54.0
47.65381567,-122.306495,-54.0
47.65381406,-122.306495,-58.0
47.65381247,-122.306495,-53.0
47.65381083,-122.3064949,-54.0
47.65380862,-122.3064931,-55.0
47.65380643,-122.3064913,-53.0
47.65380423,-122.3064895,-53.0
47.65380203,-122.3064877,-53.0
47.65380014,-122.3064861,-53.0
47.6538019,-122.3064877,-55.0
47.65380372,-122.3064893,-54.0
47.65380552,-122.3064909,-55.0
47.65380733,-122.3064925,-52.0
47.65380909,-122.306494,-53.0
47.65381049,-122.3064942,-53.0
47.6538119,-122.3064944,-50.0
47.65381329,-122.3064946,-51.0
47.65381469,-122.3064948,-54.0
47.65381608,-122.306495,-52.0
47.65381726,-122.3064952,-56.0
47.65381848,-122.3064954,-56.0
47.65381967,-122.3064956,-54.0
47.65382089,-122.3064958,-55.0
47.6538221,-122.306496,-54.0
47.65382351,-122.3064964,-58.0
47.6538249,-122.3064968,-56.0
47.6538263,-122.3064972,-58.0
47.6538277,-122.3064976,-62.0
47.6538291,-122.306498,-60.0
47.6538305,-122.3064982,-61.0
47.65383189,-122.3064984,-60.0
47.65383328,-122.3064986,-57.0
47.65383467,-122.3064988,-60.0
47.65384364,-122.3065003,-56.0
47.65384722,-122.3065009,-57.0
47.65385083,-122.3065015,-56.0
47.65385407,-122.3065022,-56.0
47.65385467,-122.306504,-55.0
47.65385527,-122.3065058,-55.0
47.65385587,-122.3065076,-58.0
47.65385647,-122.3065094,-58.0
47.65385729,-122.3065112,-57.0
47.65385968,-122.3065126,-63.0
47.6538621,-122.306514,-61.0
47.6538645,-122.3065154,-73.0
47.65386676,-122.3065167,-63.0
47.65386942,-122.3065182,-67.0
47.65387487,-122.3065215,-68.0
47.65388033,-122.3065247,-61.0
47.65388581,-122.306528,-72.0
47.65389123,-122.3065312,-75.0
47.6538968,-122.3065342,-76.0
47.65390262,-122.3065357,-68.0
47.6539089,-122.3065373,-63.0
47.65391516,-122.3065389,-68.0
47.65392134,-122.3065405,-66.0
47.65392733,-122.3065422,-69.0
47.65393057,-122.306544,-63.0
47.65393383,-122.3065458,-67.0
47.65394003,-122.3065493,-64.0
47.65394348,-122.3065512,-71.0
47.65394955,-122.3065534,-67.0
47.65395568,-122.3065557,-68.0
47.65396174,-122.3065579,-81.0
47.65396775,-122.3065601,-82.0
47.65397407,-122.3065624,-64.0
47.65398119,-122.3065648,-68.0
47.65398884,-122.3065674,-67.0
47.65399652,-122.30657,-80.0
47.65400421,-122.3065727,-75.0
47.65401137,-122.3065751,-70.0
47.65401439,-122.3065761,-69.0
47.65401741,-122.3065771,-67.0
47.65402327,-122.3065791,-64.0
47.65402656,-122.3065804,-65.0
47.65403265,-122.3065847,-67.0
47.65403872,-122.3065889,-63.0
47.65404469,-122.3065931,-61.0
47.65405079,-122.3065974,-68.0
47.65405685,-122.3066019,-64.0
47.65406858,-122.306614,-66.0
47.65407465,-122.3066203,-68.0
47.65408068,-122.3066265,-68.0
47.65408617,-122.3066322,-80.0
47.65408759,-122.306634,-65.0
47.65408902,-122.3066359,-71.0
47.65409033,-122.3066376,-69.0
47.65409175,-122.3066394,-65.0
47.65409338,-122.3066414,-67.0
47.65409662,-122.3066446,-64.0
47.65409985,-122.3066478,-65.0
47.65410306,-122.3066511,-68.0
47.65410629,-122.3066543,-64.0
47.65411109,-122.3066584,-64.0
47.65411279,-122.3066595,-67.0
47.65411458,-122.3066607,-64.0
47.65411638,-122.3066619,-63.0
47.65411819,-122.3066631,-65.0
47.65412,-122.3066646,-64.0
47.65412179,-122.3066659,-64.0
47.65412359,-122.3066673,-65.0
47.65412539,-122.3066687,-64.0
47.65412743,-122.3066702,-65.0
47.65413165,-122.3066727,-65.0
47.65413588,-122.3066751,-68.0
47.65414013,-122.3066775,-71.0
47.65414433,-122.3066799,-71.0
47.65414822,-122.3066822,-67.0
47.65414982,-122.3066834,-75.0
47.65415142,-122.3066846,-66.0
47.65415301,-122.3066858,-85.0
47.65415462,-122.306687,-87.0
47.65415627,-122.3066882,-74.0
47.65415808,-122.3066894,-77.0
47.65415988,-122.3066906,-80.0
47.65416169,-122.3066918,-75.0
47.65416349,-122.306693,-77.0
47.6541654,-122.3066944,-78.0
47.65416781,-122.306697,-67.0
47.65417249,-122.3067021,-71.0
47.65417489,-122.3067047,-83.0
47.65417734,-122.3067072,-75.0
47.65417993,-122.3067084,-71.0
47.65418251,-122.3067095,-72.0
47.65418513,-122.3067108,-70.0
47.65418775,-122.306712,-66.0
47.65419066,-122.3067134,-73.0
47.65419507,-122.3067165,-74.0
47.65419947,-122.3067195,-72.0
47.65420389,-122.3067225,-70.0
47.65420828,-122.3067255,-67.0
47.65421223,-122.3067282,-69.0
47.65421364,-122.3067294,-70.0
47.65421505,-122.3067306,-72.0
47.65421645,-122.3067318,-68.0
47.65421784,-122.306733,-73.0
47.65421928,-122.3067342,-77.0
47.65422088,-122.3067354,-76.0
47.6542225,-122.3067366,-73.0
47.65422561,-122.306739,-71.0
47.65422736,-122.30674,-73.0
47.65423019,-122.3067402,-71.0
47.65423297,-122.3067404,-77.0
47.65423579,-122.3067406,-70.0
47.65423861,-122.3067408,-72.0
47.65424142,-122.3067411,-70.0
47.65424401,-122.3067419,-74.0
47.6542466,-122.3067427,-70.0
47.65424924,-122.3067435,-69.0
47.65425186,-122.3067443,-73.0
47.65425415,-122.3067449,-69.0
47.65425495,-122.3067445,-72.0
47.65425576,-122.3067441,-82.0
47.65425656,-122.3067437,-84.0
47.65425736,-122.3067433,-83.0
47.65425825,-122.3067434,-76.0
47.65426007,-122.3067465,-72.0
47.65426188,-122.3067495,-75.0
47.65426369,-122.3067525,-72.0
47.65426551,-122.3067555,-83.0
47.6542676,-122.3067585,-83.0
47.65427102,-122.3067613,-83.0
47.65427445,-122.3067641,-76.0
47.65427788,-122.306767,-77.0
47.6542813,-122.3067698,-76.0
47.65428722,-122.3067734,-79.0
47.65429005,-122.3067746,-70.0
47.65429287,-122.3067758,-70.0
47.65429568,-122.306777,-74.0
47.65429843,-122.3067783,-69.0
47.65430084,-122.3067801,-74.0
47.65430325,-122.3067819,-78.0
47.65430567,-122.3067838,-85.0
47.65431053,-122.3067875,-73.0
47.65431413,-122.3067907,-73.0
47.65431775,-122.3067939,-73.0
47.65432137,-122.3067971,-77.0
47.654325,-122.3068003,-76.0
47.65432829,-122.3068032,-78.0
47.6543299,-122.3068044,-73.0
47.65433151,-122.3068056,-74.0
47.65433311,-122.3068068,-93.0
47.65433473,-122.306808,-78.0
47.65433628,-122.3068092,-86.0
47.65433769,-122.3068104,-72.0
47.65434041,-122.3068128,-72.0
47.65434182,-122.306814,-72.0
47.65434339,-122.3068152,-72.0
47.6543458,-122.3068166,-74.0
47.6543482,-122.306818,-78.0
47.65435061,-122.3068194,-73.0
47.65435302,-122.3068208,-73.0
47.65435544,-122.3068225,-88.0
47.65435782,-122.3068255,-77.0
47.65436022,-122.3068285,-82.0
47.65436262,-122.3068315,-76.0
47.65436501,-122.3068345,-72.0
47.65436721,-122.3068379,-74.0
47.65436842,-122.3068434,-73.0
47.65436962,-122.3068488,-71.0
47.65437083,-122.3068542,-71.0
47.65437203,-122.3068596,-77.0
47.65437353,-122.3068644,-74.0
47.65437615,-122.3068664,-77.0
47.65437877,-122.3068684,-77.0
47.65438135,-122.3068704,-79.0
47.65438396,-122.3068724,-73.0
47.65438672,-122.3068744,-79.0
47.65439012,-122.3068764,-83.0
47.65439355,-122.3068784,-69.0
47.65439693,-122.3068804,-73.0
47.65440032,-122.3068824,-77.0
47.6544033,-122.3068843,-76.0
47.65440472,-122.306886,-79.0
47.65440744,-122.3068891,-75.0
47.65440885,-122.3068907,-79.0
47.65441026,-122.3068923,-74.0
47.65441167,-122.3068939,-78.0
47.6544131,-122.3068955,-79.0
47.65441451,-122.3068972,-74.0
47.65441593,-122.3068988,-72.0
47.65441795,-122.3069008,-71.0
47.65442196,-122.306904,-75.0
47.65442997,-122.3069104,-73.0
47.65443397,-122.3069136,-71.0
47.65443842,-122.3069172,-70.0
47.65444082,-122.3069192,-70.0
47.65444204,-122.3069202,-72.0
47.65444327,-122.3069212,-78.0
47.65444468,-122.3069224,-72.0
47.6544461,-122.3069237,-69.0
47.65444749,-122.3069248,-71.0
47.65444889,-122.306926,-70.0
47.65445055,-122.3069276,-71.0
47.65445337,-122.3069304,-72.0
47.65445618,-122.3069332,-71.0
47.654459,-122.306936,-70.0
47.65446183,-122.3069388,-69.0
47.65446449,-122.3069416,-67.0
47.65446671,-122.3069442,-68.0
47.65446895,-122.3069468,-69.0
47.65447115,-122.3069494,-68.0
47.65447335,-122.3069521,-69.0
47.65447906,-122.3069564,-70.0
47.65449247,-122.3069642,-68.0
47.6544949,-122.306965,-69.0
47.65449729,-122.3069658,-67.0
47.65449969,-122.3069666,-70.0
47.65450207,-122.3069674,-69.0
47.6545069,-122.3069697,-70.0
47.6545093,-122.3069711,-70.0
47.65451173,-122.3069725,-70.0
47.65451416,-122.3069739,-68.0
47.65451642,-122.3069753,-70.0
47.65451823,-122.3069765,-67.0
47.65452003,-122.3069777,-66.0
47.65452182,-122.3069789,-68.0
47.65452361,-122.3069801,-68.0
47.65452543,-122.3069813,-69.0
47.65452725,-122.3069825,-71.0
47.65452904,-122.3069837,-71.0
47.65453084,-122.3069849,-75.0
47.65453264,-122.3069861,-74.0
47.6545345,-122.3069873,-73.0
47.6545365,-122.3069885,-71.0
47.65453854,-122.3069897,-72.0
47.65454693,-122.3069957,-69.0
47.65454932,-122.3069979,-70.0
47.65455174,-122.3070001,-69.0
47.65455416,-122.3070023,-70.0
47.65455661,-122.3070041,-68.0
47.65455919,-122.3070045,-74.0
47.65456178,-122.3070049,-71.0
47.65456439,-122.3070053,-71.0
47.65456701,-122.3070057,-66.0
47.65456944,-122.307006,-67.0
47.65457126,-122.3070063,-69.0
47.65457308,-122.3070065,-68.0
47.65457489,-122.3070067,-69.0
47.65457669,-122.3070069,-67.0
47.65457927,-122.3070083,-73.0
47.65458391,-122.3070132,-75.0
47.65460272,-122.307033,-69.0
47.65460412,-122.3070346,-71.0
47.65461304,-122.3070417,-69.0
47.65461523,-122.3070429,-68.0
47.65461744,-122.3070441,-66.0
47.65461964,-122.3070463,-69.0
47.65462184,-122.3070507,-68.0
47.65462405,-122.3070551,-66.0
47.65462624,-122.3070595,-69.0
47.65462843,-122.3070639,-68.0
47.65463094,-122.3070681,-69.0
47.65463412,-122.3070716,-67.0
47.65463729,-122.3070752,-69.0
47.65464051,-122.3070788,-67.0
47.6546437,-122.3070824,-66.0
47.6546464,-122.3070854,-67.0
47.65464779,-122.3070868,-68.0
47.65464919,-122.3070882,-69.0
47.65465059,-122.3070896,-67.0
47.654652,-122.307091,-67.0
47.65465341,-122.3070923,-66.0
47.65465481,-122.3070936,-69.0
47.65465622,-122.3070948,-71.0
47.65465762,-122.307096,-70.0
47.65465902,-122.3070972,-72.0
47.65466101,-122.3070991,-72.0
47.65466443,-122.3071027,-68.0
47.65467126,-122.3071099,-72.0
47.65467465,-122.3071135,-72.0
47.65467737,-122.3071166,-70.0
47.65467978,-122.3071206,-69.0
47.6546821,-122.3071245,-70.0
47.65468331,-122.3071265,-69.0
47.65468452,-122.3071283,-66.0
47.65468572,-122.3071301,-65.0
47.65468692,-122.3071319,-69.0
47.65468812,-122.3071337,-68.0
47.65468983,-122.3071361,-69.0
47.65469284,-122.3071401,-70.0
47.65469585,-122.3071441,-71.0
47.65469887,-122.3071482,-71.0
47.65470188,-122.3071522,-69.0
47.65470453,-122.3071558,-71.0
47.65470631,-122.3071586,-68.0
47.65470813,-122.3071614,-71.0
47.65470994,-122.3071642,-68.0
47.65471173,-122.307167,-67.0
47.65471358,-122.3071698,-68.0
47.6547156,-122.3071724,-70.0
47.6547176,-122.307175,-68.0
47.65471959,-122.3071776,-71.0
47.65472163,-122.3071802,-70.0
47.65472487,-122.307183,-70.0
47.65473065,-122.307186,-70.0
47.65474195,-122.3071918,-70.0
47.65474778,-122.3071948,-69.0
47.6547525,-122.3071972,-68.0
47.65475432,-122.307198,-71.0
47.6547561,-122.3071988,-75.0
47.6547579,-122.3071996,-70.0
47.65475971,-122.3072004,-72.0
47.65476311,-122.3072009,-81.0
47.65477042,-122.3072005,-77.0
47.65477764,-122.3072001,-77.0
47.65478485,-122.3071997,-71.0
47.65479218,-122.3071993,-73.0
47.65480007,-122.3071993,-76.0
47.65480252,-122.3071995,-70.0
47.65480494,-122.3071997,-72.0
47.65480735,-122.3071999,-71.0
47.65481017,-122.307201,-72.0
47.65481378,-122.3072042,-73.0
47.65481741,-122.3072075,-71.0
47.65482101,-122.3072107,-75.0
47.65482443,-122.3072137,-75.0
47.65482754,-122.3072165,-72.0
47.65482933,-122.3072183,-74.0
47.65483115,-122.3072202,-74.0
47.65483298,-122.307222,-75.0
47.65483479,-122.3072238,-70.0
47.65483683,-122.3072257,-73.0
47.6548395,-122.307228,-76.0
47.6548421,-122.3072302,-79.0
47.65484453,-122.3072322,-74.0
47.65484713,-122.3072344,-75.0
47.65484974,-122.3072371,-78.0
47.65485234,-122.3072409,-77.0
47.65485497,-122.3072447,-72.0
47.65485763,-122.3072486,-77.0
47.65486025,-122.3072524,-81.0
47.65486438,-122.3072562,-74.0
47.6548716,-122.3072598,-83.0
47.6548789,-122.3072634,-75.0
47.65489878,-122.3072731,-72.0
47.65490142,-122.3072733,-85.0
47.65490405,-122.3072735,-82.0
47.65490669,-122.3072737,-80.0
47.6549093,-122.3072739,-76.0
47.65491326,-122.3072746,-74.0
47.65492575,-122.3072781,-76.0
47.65493221,-122.30728,-80.0
47.65493864,-122.3072818,-82.0
47.65494381,-122.3072836,-77.0
47.65494641,-122.3072856,-83.0
47.654949,-122.3072876,-80.0
47.65495159,-122.3072896,-87.0
47.65495418,-122.3072916,-78.0
47.65495606,-122.3072937,-86.0
47.65495626,-122.3072959,-83.0
47.65495646,-122.3072981,-86.0
47.65495667,-122.3073004,-74.0
47.65496161,-122.3073114,-78.0
47.65496572,-122.307318,-74.0
47.65496707,-122.3073216,-81.0
47.65496727,-122.3073257,-78.0
47.65496747,-122.30733,-78.0
47.65496767,-122.3073341,-78.0
47.65496787,-122.3073383,-77.0
47.65496814,-122.3073404,-83.0
47.65496854,-122.3073388,-75.0
47.65496894,-122.3073372,-84.0
47.65496934,-122.3073356,-86.0
47.65496974,-122.307334,-76.0
47.65497,-122.3073341,-85.0
47.65497,-122.3073373,-88.0
47.65497,-122.3073405,-82.0
47.65497,-122.3073437,-75.0
47.65497,-122.3073469,-73.0
47.65496993,-122.3073493,-75.0
47.65496973,-122.3073503,-85.0
47.65496953,-122.3073514,-72.0
47.65496933,-122.3073524,-78.0
47.65496913,-122.3073534,-78.0
47.65497034,-122.3073561,-76.0
47.65497394,-122.3073617,-82.0
47.65497751,-122.3073672,-82.0
47.65498114,-122.3073729,-79.0
47.65498475,-122.3073785,-75.0
47.65498648,-122.3073824,-73.0
47.65498507,-122.3073837,-72.0
47.65498367,-122.3073849,-77.0
47.65498226,-122.3073861,-73.0
47.65498798,-122.3073893,-79.0
47.65499042,-122.3073897,-73.0
47.65499173,-122.307391,-73.0
47.65499092,-122.3073941,-78.0
47.65499011,-122.3073971,-76.0
47.65498931,-122.3074001,-83.0
47.6549885,-122.3074031,-81.0
47.6549877,-122.3074069,-81.0
47.6549869,-122.3074119,-75.0
47.65498609,-122.3074169,-78.0
47.65498529,-122.3074219,-73.0
47.65498449,-122.307427,-73.0
47.65498774,-122.307444,-72.0
47.65498934,-122.30745,-71.0
47.65499095,-122.3074561,-75.0
47.65499249,-122.3074605,-73.0
47.65499389,-122.3074619,-76.0
47.65499532,-122.3074633,-81.0
47.65499673,-122.3074647,-75.0
47.65499813,-122.3074661,-76.0
47.65499955,-122.3074675,-72.0
47.65500095,-122.307469,-78.0
47.65500236,-122.3074704,-71.0
47.65500367,-122.3074717,-88.0
47.65500508,-122.3074731,-76.0
47.65500697,-122.3074756,-78.0
47.65500981,-122.3074803,-89.0
47.65501262,-122.3074849,-86.0
47.65501543,-122.3074895,-79.0
47.65501826,-122.3074941,-88.0
47.65502047,-122.3074976,-77.0
47.65502168,-122.3074992,-78.0
47.65502289,-122.3075009,-82.0
47.65502523,-122.307504,-77.0
47.65502652,-122.3075056,-76.0
47.65502793,-122.3075072,-73.0
47.65502935,-122.3075088,-78.0
47.65503077,-122.3075105,-90.0
47.65503357,-122.3075136,-75.0
47.65503518,-122.3075155,-81.0
47.6550368,-122.3075173,-73.0
47.65503841,-122.3075191,-72.0
47.65504002,-122.3075209,-80.0
47.65504197,-122.3075219,-73.0
47.65504441,-122.3075217,-71.0
47.65504681,-122.3075215,-70.0
47.65505147,-122.3075211,-71.0
47.65505382,-122.3075212,-74.0
47.65505603,-122.3075218,-77.0
47.65505829,-122.3075224,-79.0
47.65506048,-122.307523,-74.0
47.65506268,-122.3075236,-78.0
47.65506499,-122.3075242,-81.0
47.65506967,-122.3075254,-76.0
47.65507208,-122.307526,-76.0
47.65507447,-122.3075266,-82.0
47.65507689,-122.3075269,-72.0
47.65507932,-122.3075267,-74.0
47.65508177,-122.3075265,-74.0
47.65508417,-122.3075263,-72.0
47.6550866,-122.3075261,-76.0
47.65508903,-122.3075263,-75.0
47.65509368,-122.3075274,-70.0
47.65509611,-122.307528,-73.0
47.65509854,-122.3075286,-74.0
47.65510175,-122.3075293,-76.0
47.65510617,-122.3075301,-74.0
47.65511059,-122.3075309,-72.0
47.65511498,-122.3075317,-72.0
47.65511946,-122.3075325,-73.0
47.65512269,-122.307533,-73.0
47.65512431,-122.307533,-71.0
47.65512741,-122.307533,-70.0
47.65512904,-122.307533,-72.0
47.65513075,-122.3075329,-71.0
47.65513258,-122.3075327,-71.0
47.65513438,-122.3075325,-71.0
47.65513789,-122.3075321,-76.0
47.65513924,-122.3075323,-78.0
47.65513985,-122.3075331,-77.0
47.65514046,-122.3075339,-70.0
47.65514106,-122.3075347,-76.0
47.65514169,-122.3075362,-76.0
47.65514089,-122.3075366,-86.0
47.65514008,-122.307537,-79.0
47.65513928,-122.3075374,-85.0
47.65513846,-122.3075378,-83.0
47.65513783,-122.3075389,-80.0
47.65513742,-122.3075412,-78.0
47.65513664,-122.3075455,-84.0
47.65513624,-122.3075477,-94.0
47.655136,-122.3075494,-88.0
47.655136,-122.3075504,-87.0
47.655136,-122.3075514,-81.0
47.655136,-122.3075524,-93.0
47.655136,-122.3075534,-78.0
47.65513609,-122.3075543,-91.0
47.65513648,-122.3075554,-92.0
47.65513668,-122.307556,-85.0
47.65513689,-122.3075567,-92.0
47.65513744,-122.3075564,-81.0
47.65513845,-122.307555,-85.0
47.65514141,-122.3075508,-80.0
47.65514234,-122.3075501,-76.0
47.65514315,-122.3075503,-78.0
47.65514396,-122.3075505,-78.0
47.65514477,-122.3075507,-80.0
47.65514557,-122.3075509,-77.0
47.65514909,-122.3075569,-79.0
47.6551513,-122.3075611,-88.0
47.65515349,-122.3075653,-79.0
47.65515573,-122.3075696,-77.0
47.65515752,-122.3075731,-85.0
47.65515872,-122.3075757,-81.0
47.65515994,-122.3075784,-79.0
47.65516116,-122.307581,-77.0
47.65516686,-122.3075913,-77.0
47.65516847,-122.3075939,-78.0
47.65517009,-122.3075965,-79.0
47.65517196,-122.3075984,-78.0
47.65517418,-122.3075994,-80.0
47.6551764,-122.3076005,-84.0
47.65517864,-122.3076015,-79.0
47.65518336,-122.3076039,-83.0
47.65518656,-122.3076061,-91.0
47.65518978,-122.3076083,-86.0
47.65519301,-122.3076106,-82.0
47.65519627,-122.3076128,-79.0
47.65519912,-122.3076152,-78.0
47.65520621,-122.3076229,-79.0
47.6552086,-122.3076255,-82.0
47.6552106,-122.3076282,-80.0
47.65521201,-122.307631,-84.0
47.65521343,-122.3076339,-95.0
47.65521486,-122.3076367,-85.0
47.65521628,-122.3076396,-82.0
47.655217,-122.3076418,-78.0
47.655217,-122.3076439,-80.0
47.655217,-122.3076459,-80.0
47.655217,-122.307648,-84.0
47.655217,-122.30765,-84.0
47.6552193,-122.3076499,-80.0
47.65522091,-122.307649,-82.0
47.65522251,-122.3076482,-96.0
47.65522411,-122.3076474,-93.0
47.65522571,-122.3076472,-92.0
47.65522731,-122.3076476,-83.0
47.65522891,-122.307648,-85.0
47.65523051,-122.3076484,-84.0
47.65523211,-122.3076488,-78.0
47.65523355,-122.3076495,-90.0
47.65523475,-122.3076507,-92.0
47.65523595,-122.307652,-91.0
47.65523717,-122.3076532,-103.0
47.65523837,-122.3076544,-89.0
47.65523994,-122.3076548,-94.0
47.65524194,-122.3076544,-87.0
47.65524395,-122.307654,-86.0
47.65524597,-122.3076536,-93.0
47.65524798,-122.3076532,-86.0
47.65525275,-122.3076539,-89.0
47.65525534,-122.3076545,-85.0
47.65525796,-122.3076551,-92.0
47.65526058,-122.3076557,-87.0
47.65526228,-122.3076557,-87.0
47.65526288,-122.3076551,-86.0
47.65526349,-122.3076545,-94.0
47.6552641,-122.3076539,-83.0
47.6552647,-122.3076533,-84.0
47.65526529,-122.3076532,-81.0
47.65526588,-122.3076536,-95.0
47.65526649,-122.307654,-81.0
47.65526708,-122.3076544,-78.0
47.65526769,-122.3076548,-85.0
47.65526876,-122.3076553,-83.0
47.65527034,-122.3076559,-86.0
47.65527194,-122.3076565,-86.0
47.65527353,-122.3076571,-83.0
47.65527512,-122.3076577,-88.0
47.65527737,-122.3076574,-85.0
47.65528037,-122.307656,-80.0
47.65528337,-122.3076546,-91.0
47.65528637,-122.3076532,-100.0
47.6552894,-122.3076517,-96.0
47.65529233,-122.3076522,-97.0
47.65529512,-122.3076548,-89.0
47.65529795,-122.3076575,-90.0
47.65530075,-122.3076601,-85.0
47.65530355,-122.3076626,-92.0
47.65530655,-122.3076638,-90.0
47.65530977,-122.3076634,-87.0
47.65531298,-122.307663,-100.0
47.6553162,-122.3076626,-83.0
47.65531943,-122.3076622,-90.0
47.65532217,-122.3076616,-97.0
47.65532297,-122.3076613,-84.0
47.65532378,-122.307661,-93.0
47.65532459,-122.3076607,-91.0
47.65532541,-122.3076603,-79.0
47.65532621,-122.30766,-88.0
47.65532858,-122.3076592,-81.0
47.65532977,-122.3076598,-85.0
47.65533137,-122.3076614,-96.0
47.65533299,-122.307663,-82.0
47.65533462,-122.3076646,-86.0
47.65533623,-122.3076662,-95.0
47.65533941,-122.3076686,-81.0
47.65534404,-122.3076716,-82.0
47.65534836,-122.3076744,-86.0
47.65535299,-122.3076774,-86.0
47.65535766,-122.3076805,-87.0
47.6553626,-122.3076816,-83.0
47.65536781,-122.3076808,-81.0
47.65537304,-122.30768,-76.0
47.65537823,-122.3076792,-77.0
47.65538344,-122.3076784,-77.0
47.65538651,-122.3076802,-76.0
47.65538753,-122.3076844,-79.0
47.65538854,-122.3076887,-77.0
47.65539049,-122.3076968,-80.0
47.65539119,-122.3077003,-81.0
47.6553916,-122.3077029,-81.0
47.655392,-122.3077055,-85.0
47.6553924,-122.3077081,-89.0
47.6553928,-122.3077107,-85.0
47.65539331,-122.3077126,-83.0
47.65539391,-122.3077138,-81.0
47.65539452,-122.307715,-94.0
47.65539513,-122.3077163,-90.0
47.65539573,-122.3077175,-92.0
47.65539545,-122.3077199,-84.0
47.65539452,-122.307723,-80.0
47.6553935,-122.3077265,-87.0
47.65539249,-122.3077299,-83.0
47.65539148,-122.3077334,-87.0
47.65539026,-122.3077371,-82.0
47.65538885,-122.3077411,-97.0
47.65538743,-122.3077452,-87.0
47.65538602,-122.3077492,-88.0
47.65538471,-122.307753,-85.0
47.65538331,-122.3077565,-89.0
47.6553819,-122.3077595,-89.0
47.65538049,-122.3077625,-92.0
47.65537907,-122.3077656,-88.0
47.65537767,-122.3077686,-93.0
47.65537689,-122.3077717,-95.0
47.65537669,-122.307775,-93.0
47.65537649,-122.3077782,-92.0
47.6553763,-122.3077812,-91.0
47.6553761,-122.3077845,-86.0
47.65537569,-122.3077877,-86.0
47.65537508,-122.3077909,-85.0
47.65537447,-122.3077941,-85.0
47.65536735,-122.3078164,-92.0
47.65536309,-122.3078272,-92.0
47.65536159,-122.3078313,-96.0
47.65536078,-122.307834,-93.0
47.65535998,-122.3078366,-97.0
47.65535919,-122.3078391,-87.0
47.65535838,-122.3078418,-89.0
47.65535747,-122.3078444,-86.0
47.65535645,-122.307847,-100.0
47.65535544,-122.3078496,-90.0
47.65535443,-122.3078523,-90.0
47.65535343,-122.3078549,-85.0
47.65535254,-122.3078582,-83.0
47.65535175,-122.3078619,-85.0
47.65535095,-122.3078658,-83.0
47.65535014,-122.3078696,-85.0
47.65534773,-122.3078773,-82.0
47.65534554,-122.3078813,-81.0
47.65534335,-122.3078853,-80.0
47.65534114,-122.3078893,-80.0
47.65533894,-122.3078933,-84.0
47.65533731,-122.3078972,-85.0
47.65533377,-122.3079084,-89.0
47.65533257,-122.3079122,-86.0
47.65533094,-122.3079158,-89.0
47.65532892,-122.3079192,-83.0
47.65532689,-122.3079227,-88.0
47.65532488,-122.3079261,-100.0
47.65532287,-122.3079295,-94.0
47.65532099,-122.307933,-89.0
47.65531917,-122.3079367,-90.0
47.65531738,-122.3079402,-94.0
47.65531555,-122.3079439,-85.0
47.65531025,-122.3079542,-91.0
47.65530653,-122.3079612,-94.0
47.65530473,-122.3079646,-92.0
47.65530282,-122.3079698,-87.0
47.65529894,-122.3079822,-84.0
47.65529692,-122.3079886,-85.0
47.65529493,-122.307995,-83.0
47.65529356,-122.3079994,-87.0
47.65529275,-122.308002,-95.0
47.65529195,-122.3080047,-95.0
47.65529115,-122.3080073,-98.0
47.65529035,-122.3080099,-95.0
47.65528955,-122.3080125,-98.0
47.65528874,-122.3080151,-99.0
47.65528793,-122.3080177,-94.0
47.65528713,-122.3080203,-93.0
47.65528633,-122.3080229,-86.0
47.65528529,-122.3080265,-85.0
47.65528295,-122.3080347,-95.0
47.65528175,-122.3080389,-93.0
47.65528053,-122.3080431,-96.0
47.65527942,-122.3080474,-100.0
47.65527842,-122.3080516,-89.0
47.65527742,-122.3080559,-94.0
47.6552764,-122.3080601,-89.0
47.65527315,-122.3080728,-93.0
47.65527194,-122.3080772,-86.0
47.65527072,-122.3080817,-88.0
47.65526952,-122.3080861,-87.0
47.65526854,-122.3080904,-85.0
47.65526773,-122.3080947,-87.0
47.65526692,-122.3080989,-85.0
47.65526612,-122.3081031,-86.0
47.65526536,-122.3081071,-87.0
47.65526412,-122.3081113,-93.0
47.6552625,-122.3081156,-86.0
47.65526088,-122.3081198,-89.0
47.65525924,-122.3081241,-91.0
47.65525762,-122.3081284,-94.0
47.65525357,-122.3081359,-91.0
47.65525135,-122.3081398,-87.0
47.65524914,-122.3081436,-86.0
47.65524693,-122.3081474,-88.0
47.65524491,-122.3081513,-95.0
47.65524311,-122.3081551,-88.0
47.65524129,-122.3081589,-91.0
47.65523512,-122.308174,-94.0
47.65523392,-122.3081778,-97.0
47.6552327,-122.3081816,-90.0
47.65523149,-122.3081854,-96.0
47.65523003,-122.3081894,-96.0
47.6552269,-122.3081972,-90.0
47.65522528,-122.3082013,-88.0
47.65522366,-122.3082054,-89.0
47.65522043,-122.3082131,-95.0
47.65521882,-122.3082169,-88.0
47.6552172,-122.3082208,-92.0
47.65521386,-122.3082279,-99.0
47.65521183,-122.3082314,-92.0
47.65520983,-122.3082348,-97.0
47.65520782,-122.3082382,-93.0
47.65520579,-122.3082417,-95.0
47.65520463,-122.3082457,-99.0
47.65520403,-122.3082501,-99.0
47.65520342,-122.3082546,-95.0
47.65520286,-122.3082587,-100.0
47.65520116,-122.3082686,-97.0
47.65519975,-122.3082746,-93.0
47.65519834,-122.3082807,-95.0
47.65519692,-122.3082868,-95.0
47.65519552,-122.3082928,-91.0
47.65519462,-122.3082963,-88.0
47.65519345,-122.3083002,-85.0
47.65519285,-122.3083022,-83.0
47.65519224,-122.3083042,-86.0
47.65519163,-122.3083063,-89.0
47.65519104,-122.3083085,-87.0
47.65519043,-122.3083107,-87.0
47.65518983,-122.308313,-90.0
47.65518923,-122.3083152,-89.0
47.65518912,-122.3083187,-86.0
47.65518932,-122.3083231,-87.0
47.65518952,-122.3083275,-88.0
47.65518973,-122.308332,-86.0
47.65518993,-122.3083364,-87.0
47.65518949,-122.3083408,-88.0
47.65518868,-122.3083453,-87.0
47.65518713,-122.3083538,-90.0
47.65518632,-122.3083582,-89.0
47.6551849,-122.3083623,-88.0
47.6551831,-122.3083661,-90.0
47.65518129,-122.3083699,-90.0
47.65517948,-122.3083738,-89.0
47.65517767,-122.3083776,-92.0
47.6551765,-122.3083825,-94.0
47.65517568,-122.3083882,-96.0
47.65517489,-122.3083938,-94.0
47.65517408,-122.3083994,-100.0
47.65517333,-122.3084047,-97.0
47.65517288,-122.3084096,-92.0
47.65517268,-122.3084141,-93.0
47.65517248,-122.3084185,-91.0
47.65517228,-122.3084229,-91.0
47.65517208,-122.3084273,-92.0
47.65517138,-122.3084313,-94.0
47.65517037,-122.3084352,-94.0
47.65516936,-122.3084391,-93.0
47.65516836,-122.3084428,-91.0
47.65516736,-122.3084466,-92.0
47.65516554,-122.3084517,-91.0
47.65516334,-122.3084573,-95.0
47.65515905,-122.3084682,-94.0
47.65515684,-122.3084739,-103.0
47.65515526,-122.3084775,-103.0
47.65515407,-122.3084799,-97.0
47.65515287,-122.3084823,-97.0
47.65515166,-122.3084847,-95.0
47.65515047,-122.3084871,-96.0
47.65514939,-122.3084893,-93.0
47.65514838,-122.3084916,-92.0
47.65514738,-122.3084938,-92.0
47.65514638,-122.308496,-93.0
47.65514537,-122.3084982,-98.0
47.65514462,-122.3085017,-92.0
47.65514402,-122.3085059,-93.0
47.65514341,-122.3085101,-93.0
47.65514281,-122.3085144,-97.0
47.65514221,-122.3085185,-94.0
47.6551416,-122.3085225,-95.0
47.655141,-122.3085263,-91.0
47.6551404,-122.3085302,-94.0
47.65513919,-122.3085378,-95.0
47.65513496,-122.3085484,-103.0
47.65513031,-122.3085593,-97.0
47.65512792,-122.3085649,-100.0
47.65512636,-122.3085683,-98.0
47.65512536,-122.3085703,-92.0
47.65512434,-122.3085723,-95.0
47.65512333,-122.3085743,-90.0
47.65512233,-122.3085763,-94.0
47.65512131,-122.3085784,-92.0
47.65511938,-122.3085822,-93.0
47.65511837,-122.3085843,-89.0
47.65511736,-122.3085863,-89.0
47.65511561,-122.3085907,-89.0
47.65511342,-122.3085964,-88.0
47.6551112,-122.3086023,-88.0
47.65510898,-122.3086082,-89.0
47.65510677,-122.308614,-91.0
47.65510561,-122.3086177,-91.0
47.65510501,-122.3086203,-93.0
47.65510441,-122.3086229,-95.0
47.65510381,-122.3086255,-94.0
47.65510321,-122.3086281,-93.0
47.65510248,-122.3086306,-93.0
47.65510169,-122.3086329,-97.0
47.65510089,-122.3086353,-98.0
47.65510009,-122.3086377,-94.0
47.65509929,-122.3086401,-95.0
47.65509849,-122.3086449,-90.0
47.65509769,-122.3086512,-91.0
47.65509689,-122.3086574,-92.0
47.65509609,-122.3086636,-90.0
47.65509296,-122.3086754,-91.0
47.65509176,-122.3086774,-96.0
47.65508729,-122.3086854,-95.0
47.65508429,-122.3086914,-88.0
47.65508272,-122.308692,-96.0
47.65508093,-122.308692,-94.0
47.65507913,-122.308692,-92.0
47.65506938,-122.3086884,-95.0
47.655066,-122.3086862,-99.0
47.65505564,-122.3086805,-90.0
47.65505204,-122.3086797,-90.0
47.65504482,-122.3086781,-95.0
47.65503802,-122.3086753,-96.0
47.65503503,-122.3086727,-97.0
47.65503202,-122.3086701,-100.0
47.65502603,-122.3086649,-97.0
47.65501768,-122.308655,-97.0
47.65501325,-122.3086496,-96.0
47.65500882,-122.3086441,-92.0
47.6550044,-122.3086387,-94.0
47.65500161,-122.3086359,-95.0
47.65499961,-122.3086343,-93.0
47.6549976,-122.3086327,-100.0
47.6549956,-122.3086311,-97.0
47.65499358,-122.3086295,-99.0
47.65499143,-122.3086269,-96.0
47.65498922,-122.3086238,-93.0
47.65498699,-122.3086208,-99.0
47.65498271,-122.308615,-99.0
47.65498008,-122.3086126,-98.0
47.65497446,-122.3086086,-100.0
47.65497167,-122.3086066,-91.0
47.65496885,-122.3086046,-95.0
47.65496621,-122.3086021,-95.0
47.65496361,-122.3085993,-97.0
47.65496097,-122.3085964,-96.0
47.65495835,-122.3085936,-98.0
47.65495573,-122.3085908,-99.0
47.65495017,-122.3085869,-99.0
47.65494736,-122.3085851,-98.0
47.65494454,-122.3085833,-92.0
47.65494175,-122.3085815,-95.0
47.65493793,-122.3085792,-96.0
47.65493368,-122.3085768,-99.0
47.65492552,-122.3085722,-97.0
47.65492133,-122.3085698,-99.0
47.65491888,-122.3085684,-99.0
47.65491727,-122.3085676,-100.0
47.65491566,-122.3085668,-100.0
47.65491405,-122.308566,-97.0
47.65491245,-122.3085652,-100.0
47.65491068,-122.3085643,-98.0
47.65490887,-122.3085633,-96.0
47.65490707,-122.3085623,-103.0
47.65490527,-122.3085613,-92.0
47.65490346,-122.3085603,-92.0
47.65490105,-122.3085588,-92.0
47.65489845,-122.3085572,-91.0
47.6548908,-122.3085525,-99.0
47.65488816,-122.3085504,-94.0
47.65488555,-122.3085482,-100.0
47.65488293,-122.308546,-99.0
47.65488035,-122.3085438,-103.0
47.65487773,-122.3085416,-96.0
47.65487526,-122.30854,-99.0
47.65487283,-122.3085386,-100.0
47.65487042,-122.3085372,-94.0
47.65486799,-122.3085357,-96.0
47.65486559,-122.3085343,-95.0
47.65486379,-122.3085319,-95.0
47.65486066,-122.3085264,-97.0
47.65485906,-122.3085236,-96.0
47.65485747,-122.3085208,-103.0
47.65485679,-122.3085185,-98.0
47.65485587,-122.3085121,-98.0
47.65485557,-122.30851,-100.0
47.65485528,-122.3085079,-97.0
47.65485498,-122.3085058,-97.0
47.65485468,-122.3085037,-95.0
47.65485438,-122.3085016,-97.0
47.65485407,-122.3084995,-101.0
47.65485537,-122.3084953,-101.0
47.65485719,-122.3084905,-95.0
47.65485899,-122.3084857,-92.0
47.65486068,-122.3084812,-100.0
47.6548625,-122.3084763,-97.0
47.65486492,-122.3084723,-97.0
47.65486757,-122.3084687,-94.0
47.65487019,-122.308465,-99.0
47.6548728,-122.3084614,-102.0
47.65487541,-122.3084578,-97.0
47.654878,-122.3084527,-99.0
47.65488062,-122.308447,-101.0
47.65488323,-122.3084414,-94.0
47.65488567,-122.3084362,-94.0
47.65488826,-122.3084306,-98.0
47.65489003,-122.3084249,-96.0
47.65489126,-122.3084199,-98.0
47.65489186,-122.3084175,-98.0
47.65489262,-122.3084151,-97.0
47.65489498,-122.3084081,-97.0
47.65489579,-122.3084056,-92.0
47.65489718,-122.3084023,-96.0
47.65489881,-122.3083987,-93.0
47.65490042,-122.3083951,-97.0
47.65490205,-122.3083914,-99.0
47.65490366,-122.3083878,-100.0
47.65490487,-122.3083844,-99.0
47.65490607,-122.3083808,-99.0
47.65490728,-122.3083772,-99.0
47.6549085,-122.3083735,-98.0
47.6549097,-122.3083699,-101.0
47.6549112,-122.3083665,-98.0
47.65491278,-122.3083631,-101.0
47.65491438,-122.3083597,-101.0
47.65491759,-122.3083529,-100.0
47.65491932,-122.3083495,-96.0
47.65492114,-122.3083461,-100.0
47.65492294,-122.3083427,-100.0
47.65492474,-122.3083393,-96.0
47.65492655,-122.3083359,-95.0
47.65492804,-122.308332,-98.0
47.65492946,-122.308328,-99.0
47.65493086,-122.308324,-101.0
47.65493226,-122.30832,-98.0
47.65493366,-122.308316,-100.0
47.65493551,-122.3083124,-98.0
47.65493754,-122.308309,-99.0
47.65493957,-122.3083055,-99.0
47.65494156,-122.3083021,-98.0
47.65494357,-122.3082987,-96.0
47.65494526,-122.3082952,-98.0
47.65494688,-122.3082915,-98.0
47.65494999,-122.3082845,-99.0
47.65495159,-122.3082809,-100.0
47.65495245,-122.308277,-96.0
47.65495305,-122.308273,-100.0
47.65495365,-122.308269,-99.0
47.65495426,-122.3082649,-100.0
47.65495487,-122.3082609,-95.0
47.65495485,-122.3082569,-95.0
47.65495465,-122.3082529,-95.0
47.65495445,-122.3082489,-96.0
47.65495424,-122.3082449,-97.0
47.65495405,-122.3082409,-96.0
47.65495246,-122.3082365,-91.0
47.65495044,-122.3082318,-91.0
47.65494842,-122.3082272,-94.0
47.65494637,-122.3082225,-98.0
47.65494128,-122.3082143,-98.0
47.65493764,-122.3082106,-98.0
47.65492424,-122.3081971,-100.0
47.65492205,-122.3081947,-96.0
47.65491983,-122.3081923,-97.0
47.65491762,-122.3081899,-93.0
47.65491538,-122.3081874,-96.0
47.65490796,-122.3081821,-99.0
47.65489989,-122.3081764,-96.0
47.65489406,-122.3081722,-98.0
47.65489286,-122.3081712,-98.0
47.65489166,-122.3081702,-97.0
47.65489047,-122.3081692,-99.0
47.65488926,-122.3081682,-98.0
47.65488789,-122.3081671,-98.0
47.6548865,-122.3081659,-98.0
47.65488507,-122.3081646,-98.0
47.65488368,-122.3081634,-99.0
47.65488041,-122.3081617,-100.0
47.65487841,-122.3081613,-99.0
47.65487638,-122.3081609,-100.0
47.65487439,-122.3081605,-97.0
47.65487236,-122.3081601,-99.0
47.6548692,-122.3081605,-100.0
47.65486579,-122.3081611,-101.0
47.65486237,-122.3081617,-98.0
47.65485575,-122.3081629,-98.0
47.6548523,-122.3081611,-102.0
47.6548489,-122.3081587,-95.0
47.6548455,-122.3081563,-97.0
47.65484208,-122.3081539,-100.0
47.65483865,-122.3081515,-101.0
47.65483653,-122.3081503,-102.0
47.65483473,-122.3081495,-101.0
47.6548329,-122.3081487,-101.0
47.65482938,-122.3081472,-95.0
47.65483027,-122.3081481,-95.0
47.65483189,-122.3081495,-100.0
47.6548335,-122.3081509,-102.0
47.6548351,-122.3081523,-100.0
47.65483671,-122.3081537,-103.0
47.65483419,-122.3081507,-97.0
47.65483075,-122.3081466,-98.0
47.6548273,-122.3081426,-101.0
47.65481777,-122.30813,-103.0
47.65481494,-122.308125,-99.0
47.65481213,-122.3081199,-96.0
47.65480932,-122.3081149,-103.0
47.6548065,-122.3081099,-100.0
47.65480401,-122.3081087,-98.0
47.65480161,-122.3081083,-99.0
47.65479918,-122.3081079,-100.0
47.6547968,-122.3081075,-102.0
47.65479439,-122.3081071,-99.0
47.65478772,-122.3081059,-98.0
47.65478108,-122.3081047,-99.0
47.65477766,-122.3081041,-102.0
47.65477457,-122.308103,-100.0
47.65477154,-122.3081018,-98.0
47.6547685,-122.3081006,-98.0
47.65476546,-122.3080994,-97.0
47.65476248,-122.3080982,-96.0
47.65475962,-122.3080973,-101.0
47.65475679,-122.3080965,-101.0
47.65475415,-122.3080958,-96.0
47.65475133,-122.308095,-98.0
47.6547485,-122.3080941,-97.0
47.65474568,-122.3080938,-94.0
47.65474283,-122.3080936,-98.0
47.65474001,-122.3080934,-93.0
47.65473718,-122.3080932,-94.0
47.65472964,-122.3080879,-98.0
47.65472476,-122.3080822,-97.0
47.65472232,-122.3080794,-98.0
47.65471132,-122.3080756,-96.0
47.65470748,-122.3080744,-95.0
47.65470358,-122.3080732,-96.0
47.65470164,-122.308072,-93.0
47.65470002,-122.3080708,-102.0
47.6546984,-122.3080695,-97.0
47.65469353,-122.308066,-102.0
47.65469171,-122.3080648,-96.0
47.65468988,-122.3080636,-99.0
47.65468807,-122.3080624,-96.0
47.65468625,-122.3080612,-100.0
47.6546839,-122.3080603,-96.0
47.65468149,-122.3080595,-98.0
47.65467682,-122.3080579,-91.0
47.65467439,-122.3080571,-99.0
47.65467146,-122.3080563,-94.0
47.6546684,-122.3080555,-101.0
47.6546654,-122.3080547,-93.0
47.65466236,-122.3080539,-96.0
47.65465935,-122.3080531,-101.0
47.65465389,-122.3080501,-95.0
47.65465108,-122.3080485,-93.0
47.65464823,-122.3080468,-94.0
47.65464539,-122.3080452,-96.0
47.65464273,-122.3080438,-93.0
47.65464012,-122.3080424,-97.0
47.65463751,-122.308041,-94.0
47.65463243,-122.3080382,-95.0
47.65463082,-122.3080356,-96.0
47.6546294,-122.3080328,-96.0
47.65462799,-122.30803,-94.0
47.65462659,-122.3080272,-94.0
47.65462519,-122.3080244,-99.0
47.65462325,-122.3080221,-95.0
47.65462122,-122.3080198,-98.0
47.65461922,-122.3080176,-100.0
47.65461533,-122.3080134,-95.0
47.65461349,-122.3080113,-95.0
47.6546117,-122.3080093,-95.0
47.65460986,-122.3080073,-97.0
47.65460804,-122.3080053,-95.0
47.65460624,-122.3080033,-99.0
47.65460245,-122.3080003,-99.0
47.6545984,-122.3079973,-92.0
47.65458659,-122.3079884,-96.0
47.6545848,-122.3079866,-101.0
47.65458196,-122.3079834,-96.0
47.65458056,-122.3079818,-100.0
47.65457916,-122.3079802,-99.0
47.65457775,-122.3079786,-93.0
47.65457635,-122.307977,-99.0
47.65457493,-122.3079753,-94.0
47.6545722,-122.3079722,-96.0
47.65457044,-122.3079697,-97.0
47.65456863,-122.3079671,-95.0
47.65456682,-122.3079645,-90.0
47.654565,-122.3079619,-90.0
47.65456321,-122.3079593,-98.0
47.65455964,-122.3079594,-99.0
47.65455579,-122.3079598,-92.0
47.65455198,-122.3079602,-95.0
47.65454444,-122.307961,-90.0
47.65454186,-122.3079597,-93.0
47.65453944,-122.3079583,-90.0
47.65453701,-122.3079569,-91.0
47.65453459,-122.3079555,-93.0
47.65453219,-122.3079541,-89.0
47.65453089,-122.3079529,-98.0
47.6545297,-122.3079517,-90.0
47.65452617,-122.3079482,-99.0
47.65452687,-122.3079447,-91.0
47.65452787,-122.3079409,-99.0
47.65452886,-122.3079371,-101.0
47.65453087,-122.3079295,-90.0
47.65453135,-122.3079283,-96.0
47.65453175,-122.3079275,-93.0
47.65453215,-122.3079267,-95.0
47.65453255,-122.3079259,-92.0
47.65453295,-122.3079251,-90.0
47.654533,-122.3079236,-89.0
47.654533,-122.307922,-91.0
47.654533,-122.3079203,-92.0
47.654533,-122.3079187,-99.0
47.654533,-122.3079171,-94.0
47.654533,-122.3079146,-92.0
47.654533,-122.3079095,-98.0
47.654533,-122.3079069,-101.0
47.654533,-122.3079043,-101.0
47.65453265,-122.3079068,-95.0
47.65453224,-122.3079101,-89.0
47.65453184,-122.3079133,-95.0
47.65453144,-122.3079165,-90.0
47.65453104,-122.3079197,-93.0
47.65452864,-122.3079191,-95.0
47.65452605,-122.3079181,-90.0
47.65452342,-122.3079171,-101.0
47.6545208,-122.3079161,-92.0
47.65451819,-122.3079151,-101.0
47.65451614,-122.3079197,-94.0
47.65451412,-122.3079247,-95.0
47.65450822,-122.3079395,-97.0
47.65450551,-122.307945,-94.0
47.65450271,-122.3079506,-96.0
47.65449993,-122.3079561,-90.0
47.6544971,-122.3079618,-88.0
47.65449427,-122.3079675,-88.0
47.65449327,-122.3079693,-89.0
47.65449246,-122.3079707,-94.0
47.65449165,-122.3079721,-95.0
47.65449084,-122.3079735,-101.0
47.65449004,-122.3079749,-95.0
47.65448924,-122.3079763,-97.0
47.65448849,-122.3079776,-96.0
47.65448768,-122.3079791,-91.0
47.65448687,-122.3079805,-99.0
47.65448606,-122.3079819,-97.0
47.65448471,-122.3079866,-88.0
47.65448331,-122.3079916,-85.0
47.6544819,-122.3079967,-89.0
47.65448049,-122.3080017,-89.0
47.65447907,-122.3080067,-94.0
47.65447804,-122.3080112,-91.0
47.65447711,-122.3080153,-95.0
47.65447609,-122.3080198,-94.0
47.65447508,-122.3080242,-94.0
47.65447408,-122.3080287,-100.0
47.65447214,-122.3080344,-94.0
47.65447012,-122.3080402,-87.0
47.6544681,-122.3080461,-88.0
47.6544661,-122.3080519,-88.0
47.6544642,-122.3080574,-88.0
47.65446328,-122.30806,-84.0
47.65446248,-122.3080622,-91.0
47.65446007,-122.3080688,-84.0
47.65445945,-122.308071,-87.0
47.65445885,-122.3080732,-86.0
47.65445825,-122.3080754,-88.0
47.65445487,-122.3080852,-87.0
47.65445267,-122.3080906,-93.0
47.65444606,-122.3081069,-95.0
47.65444542,-122.3081089,-89.0
47.65444483,-122.3081109,-93.0
47.65444423,-122.3081129,-87.0
47.65444363,-122.3081149,-91.0
47.65444303,-122.3081169,-92.0
47.65444224,-122.3081189,-94.0
47.65444144,-122.3081209,-97.0
47.65444063,-122.3081229,-93.0
47.65443983,-122.3081249,-98.0
47.65443902,-122.3081269,-100.0
47.65443822,-122.3081305,-93.0
47.65443662,-122.3081377,-86.0
47.65443582,-122.3081413,-88.0
47.65443502,-122.3081449,-94.0
47.65443422,-122.3081489,-91.0
47.65443267,-122.3081567,-99.0
47.65443185,-122.3081607,-88.0
47.65443106,-122.3081647,-95.0
47.65443063,-122.3081687,-90.0
47.65443023,-122.3081727,-91.0
47.65442982,-122.3081768,-91.0
47.65442942,-122.3081808,-90.0
47.65442902,-122.3081848,-85.0
47.654429,-122.3081888,-86.0
47.654429,-122.3081928,-84.0
47.654429,-122.3081968,-85.0
47.654429,-122.3082008,-89.0
47.654429,-122.3082048,-87.0
47.65442939,-122.3082089,-88.0
47.65442979,-122.3082129,-92.0
47.65443019,-122.3082169,-89.0
47.65443059,-122.3082209,-92.0
47.65443099,-122.3082249,-85.0
47.65443196,-122.3082287,-93.0
47.65443297,-122.3082325,-98.0
47.65443397,-122.3082363,-93.0
47.65443498,-122.3082401,-91.0
47.65443599,-122.308244,-95.0
47.65443839,-122.3082466,-100.0
47.6544456,-122.3082544,-89.0
47.654448,-122.308257,-97.0
47.6544508,-122.3082578,-97.0
47.65446184,-122.308261,-91.0
47.65446429,-122.3082608,-95.0
47.6544667,-122.3082606,-100.0
47.65446912,-122.3082604,-99.0
47.65447155,-122.3082602,-87.0
47.65447396,-122.30826,-91.0
47.65447638,-122.3082608,-90.0
47.6544788,-122.3082616,-92.0
47.65448601,-122.308264,-87.0
47.6544877,-122.3082661,-87.0
47.65448951,-122.3082683,-88.0
47.65449132,-122.3082705,-89.0
47.65449312,-122.3082727,-88.0
47.65449494,-122.3082749,-98.0
47.65449888,-122.3082773,-93.0
47.65450289,-122.3082797,-89.0
47.6545069,-122.3082821,-91.0
47.65451096,-122.3082846,-86.0
47.65451496,-122.308287,-90.0
47.65451659,-122.3082878,-90.0
47.65451821,-122.3082886,-84.0
47.65451982,-122.3082894,-89.0
47.65452142,-122.3082902,-92.0
47.65452454,-122.308292,-92.0
47.65452615,-122.308293,-97.0
47.65452776,-122.308294,-96.0
47.65452936,-122.308295,-97.0
47.65453098,-122.308296,-97.0
47.65453501,-122.3082984,-96.0
47.65453904,-122.3083008,-88.0
47.65454307,-122.3083032,-93.0
47.6545471,-122.3083057,-89.0
47.65455254,-122.308309,-92.0
47.65455414,-122.30831,-92.0
47.65455575,-122.308311,-98.0
47.65455737,-122.308312,-101.0
47.65455898,-122.308313,-94.0
47.65456059,-122.3083142,-92.0
47.6545622,-122.3083154,-98.0
47.65456381,-122.3083166,-99.0
47.65456543,-122.3083178,-98.0
47.65456705,-122.308319,-100.0
47.65456947,-122.3083204,-95.0
47.65457172,-122.3083218,-89.0
47.65457413,-122.3083232,-93.0
47.65457654,-122.3083246,-89.0
47.65457895,-122.308326,-85.0
47.654581,-122.3083274,-85.0
47.65458301,-122.3083288,-85.0
47.65458501,-122.3083302,-87.0
47.65458706,-122.3083316,-88.0
47.65458907,-122.3083331,-94.0
47.65459296,-122.3083366,-93.0
47.65459498,-122.3083384,-91.0
47.654597,-122.3083402,-94.0
47.65459901,-122.308342,-90.0
47.65460145,-122.3083434,-87.0
47.65460388,-122.3083448,-87.0
47.65460856,-122.3083476,-87.0
47.65461097,-122.308349,-87.0
47.65461419,-122.3083506,-88.0
47.65461743,-122.3083522,-88.0
47.65462067,-122.3083538,-90.0
47.6546239,-122.3083554,-87.0
47.65462718,-122.3083571,-86.0
47.65463895,-122.3083624,-90.0
47.65464296,-122.3083642,-96.0
47.65464701,-122.308366,-97.0
47.65464844,-122.308367,-93.0
47.65464984,-122.308368,-94.0
47.65465125,-122.308369,-95.0
47.65465267,-122.3083701,-94.0
47.65465559,-122.3083722,-99.0
47.65465721,-122.3083734,-101.0
47.65465881,-122.3083746,-93.0
47.65466042,-122.3083758,-95.0
47.65466211,-122.3083771,-93.0
47.65466594,-122.3083797,-93.0
47.65466976,-122.3083823,-95.0
47.65467364,-122.308385,-99.0
47.6546772,-122.3083874,-97.0
47.654681,-122.30839,-99.0
47.6546824,-122.3083912,-97.0
47.65468382,-122.3083924,-99.0
47.65468524,-122.3083936,-98.0
47.65468666,-122.3083948,-91.0
47.65468807,-122.3083961,-95.0
47.6546908,-122.308398,-91.0
47.65469221,-122.308399,-93.0
47.65469361,-122.3084,-98.0
47.6546951,-122.3084011,-98.0
47.65469892,-122.3084037,-94.0
47.65470272,-122.3084063,-99.0
47.65470657,-122.3084089,-96.0
47.65471042,-122.3084115,-99.0
47.6547141,-122.3084141,-96.0
47.65471884,-122.308417,-98.0
47.65472045,-122.308418,-99.0
47.65472207,-122.308419,-98.0
47.6547237,-122.3084198,-98.0
47.65472532,-122.3084207,-91.0
47.65472682,-122.3084214,-93.0
47.65472844,-122.3084222,-90.0
47.65473015,-122.3084231,-89.0
47.65473375,-122.3084253,-91.0
47.65473741,-122.3084275,-89.0
47.65474108,-122.3084298,-88.0
47.65475443,-122.308438,-89.0
47.65475604,-122.308439,-87.0
47.65475766,-122.30844,-90.0
47.65475927,-122.308441,-88.0
47.65476088,-122.3084421,-91.0
47.65476248,-122.3084431,-96.0
47.65476413,-122.3084441,-92.0
47.65476637,-122.3084451,-97.0
47.65476858,-122.3084461,-100.0
47.65477079,-122.3084471,-93.0
47.65477508,-122.308449,-93.0
47.6547777,-122.3084505,-95.0
47.6547803,-122.3084519,-98.0
47.65478293,-122.3084533,-101.0
47.65478557,-122.3084547,-97.0
47.65478807,-122.308456,-98.0
47.65478928,-122.3084569,-98.0
47.65479048,-122.3084577,-97.0
47.65479168,-122.3084585,-96.0
47.6547929,-122.3084593,-100.0
47.65479411,-122.3084601,-100.0
47.65479765,-122.3084624,-94.0
47.65479885,-122.3084632,-90.0
47.65480011,-122.3084641,-96.0
47.65480231,-122.3084657,-99.0
47.65480671,-122.3084689,-100.0
47.65480891,-122.3084705,-100.0
47.65481112,-122.3084721,-97.0
47.65481332,-122.3084733,-95.0
47.65481556,-122.3084745,-95.0
47.65481778,-122.3084757,-100.0
47.65481998,-122.3084769,-98.0
47.65482214,-122.3084781,-104.0
47.65482394,-122.3084797,-102.0
47.65482574,-122.3084813,-98.0
47.65482755,-122.3084829,-95.0
47.65482934,-122.3084845,-97.0
47.65483115,-122.3084861,-96.0
47.65483298,-122.3084878,-93.0
47.65483478,-122.3084894,-97.0
47.65484024,-122.3084942,-101.0
47.65484244,-122.308496,-103.0
47.6548445,-122.3084977,-99.0
47.65485774,-122.3085061,-98.0
47.65485994,-122.3085071,-101.0
47.65486211,-122.3085081,-99.0
47.65486412,-122.3085093,-103.0
47.65486611,-122.3085105,-100.0
47.65486812,-122.3085117,-101.0
47.65487215,-122.3085141,-93.0
47.65487498,-122.3085153,-101.0
47.65487778,-122.3085165,-98.0
47.65488059,-122.3085177,-99.0
47.65488341,-122.3085189,-101.0
47.65488612,-122.3085201,-101.0
47.65488773,-122.3085217,-96.0
47.65488934,-122.3085233,-97.0
47.65489095,-122.308525,-102.0
47.65489256,-122.3085266,-102.0
47.65489409,-122.3085282,-97.0
47.65489489,-122.3085298,-92.0
47.65489569,-122.3085314,-101.0
47.65489649,-122.308533,-100.0
47.6548973,-122.3085346,-101.0
47.65489782,-122.3085365,-100.0
47.65489621,-122.3085405,-98.0
47.65489461,-122.3085445,-100.0
47.65489301,-122.3085485,-96.0
47.6548914,-122.3085525,-92.0
47.65488982,-122.3085565,-101.0
47.65488843,-122.3085603,-91.0
47.65488702,-122.3085641,-93.0
47.65488563,-122.3085679,-97.0
47.65488423,-122.3085717,-97.0
47.65488273,-122.3085754,-99.0
47.65488034,-122.3085794,-98.0
47.65487552,-122.3085875,-101.0
47.65487308,-122.3085915,-98.0
47.65487059,-122.308595,-100.0
47.6548676,-122.3085948,-101.0
47.6548616,-122.3085944,-100.0
47.65485857,-122.3085942,-100.0
47.65485582,-122.3085939,-100.0
47.65485099,-122.3085911,-100.0
47.65484857,-122.3085897,-95.0
47.65484617,-122.3085883,-101.0
47.65484377,-122.3085868,-98.0
47.65484137,-122.3085848,-98.0
47.65483898,-122.3085828,-95.0
47.65483657,-122.3085808,-89.0
47.65483418,-122.3085788,-92.0
47.65483166,-122.3085767,-100.0
47.65482767,-122.3085729,-96.0
47.65481964,-122.3085653,-97.0
47.65481566,-122.3085615,-99.0
47.65481187,-122.3085579,-98.0
47.65481046,-122.3085567,-97.0
47.65480905,-122.3085555,-95.0
47.65480765,-122.3085543,-99.0
47.65480623,-122.3085531,-99.0
47.65480481,-122.3085518,-95.0
47.65480339,-122.3085506,-94.0
47.65479919,-122.308547,-91.0
47.65479738,-122.3085455,-96.0
47.65479364,-122.3085423,-93.0
47.65478956,-122.3085388,-97.0
47.65478557,-122.3085354,-98.0
47.65478155,-122.308532,-95.0
47.65477779,-122.3085289,-94.0
47.65477598,-122.3085277,-94.0
47.65477415,-122.3085264,-97.0
47.65477232,-122.3085252,-101.0
47.65477052,-122.308524,-98.0
47.65476691,-122.3085216,-98.0
47.65476512,-122.3085204,-99.0
47.65476333,-122.3085192,-99.0
47.65476153,-122.308518,-93.0
47.65475943,-122.3085166,-90.0
47.65475563,-122.3085138,-94.0
47.65475185,-122.308511,-91.0
47.65474803,-122.3085082,-92.0
47.65474429,-122.3085054,-88.0
47.65474081,-122.3085028,-91.0
47.65473942,-122.3085016,-97.0
47.65473802,-122.3085004,-98.0
47.65473661,-122.3084992,-97.0
47.65473522,-122.308498,-95.0
47.6547338,-122.3084968,-91.0
47.65473221,-122.3084957,-91.0
47.65473061,-122.3084945,-94.0
47.65472903,-122.3084933,-95.0
47.65472563,-122.3084908,-98.0
47.65472342,-122.3084894,-99.0
47.65472123,-122.308488,-96.0
47.65471905,-122.3084866,-99.0
47.65471686,-122.3084852,-93.0
47.65471455,-122.3084837,-95.0
47.65471177,-122.3084817,-99.0
47.65470898,-122.3084797,-100.0
47.65470617,-122.3084777,-95.0
47.65470339,-122.3084757,-91.0
47.6547006,-122.3084739,-94.0
47.6546978,-122.3084733,-90.0
47.654695,-122.3084727,-85.0
47.6546922,-122.3084721,-86.0
47.6546894,-122.3084715,-88.0
47.65468655,-122.3084707,-88.0
47.65468333,-122.3084685,-83.0
47.65468016,-122.3084663,-83.0
47.65467694,-122.3084641,-79.0
47.65467374,-122.3084619,-81.0
47.65467062,-122.3084598,-81.0
47.65466803,-122.3084582,-86.0
47.65466543,-122.3084566,-87.0
47.65466282,-122.308455,-88.0
47.65466024,-122.3084534,-89.0
47.65465771,-122.3084515,-88.0
47.65465551,-122.3084481,-90.0
47.65465329,-122.3084447,-88.0
47.65465109,-122.3084413,-88.0
47.6546489,-122.3084379,-89.0
47.65464671,-122.3084348,-93.0
47.65464452,-122.308433,-95.0
47.6546423,-122.3084312,-103.0
47.65464007,-122.3084293,-94.0
47.65463788,-122.3084275,-94.0
47.65463548,-122.3084258,-99.0
47.65463164,-122.3084246,-98.0
47.65462786,-122.3084234,-94.0
47.65462407,-122.3084222,-91.0
47.65462027,-122.308421,-95.0
47.65461673,-122.3084198,-98.0
47.65461473,-122.3084186,-96.0
47.65461273,-122.3084174,-100.0
47.65461071,-122.3084162,-96.0
47.65460872,-122.308415,-103.0
47.65460672,-122.3084135,-94.0
47.65460471,-122.3084103,-100.0
47.6546027,-122.3084071,-95.0
47.65460069,-122.3084039,-93.0
47.65459866,-122.3084006,-89.0
47.65459678,-122.3083977,-88.0
47.65459558,-122.3083959,-103.0
47.65459437,-122.3083941,-93.0
47.65459316,-122.3083922,-91.0
47.65459195,-122.3083904,-91.0
47.65458573,-122.3083865,-97.0
47.65458112,-122.3083843,-93.0
47.65457647,-122.3083821,-90.0
47.65457183,-122.3083798,-90.0
47.65456767,-122.3083779,-91.0
47.65456588,-122.3083773,-95.0
47.65456407,-122.3083767,-94.0
47.65456227,-122.3083761,-101.0
47.65456045,-122.3083755,-98.0
47.65455866,-122.3083749,-91.0
47.65455685,-122.3083745,-91.0
47.65455505,-122.3083741,-88.0
47.65455324,-122.3083737,-92.0
47.65455144,-122.3083733,-87.0
47.65454945,-122.3083728,-93.0
47.65454683,-122.308372,-95.0
47.65454441,-122.3083713,-91.0
47.65454175,-122.3083705,-86.0
47.65453911,-122.3083696,-88.0
47.65453642,-122.3083685,-90.0
47.65453342,-122.3083661,-89.0
47.6545304,-122.3083637,-92.0
47.65452735,-122.3083613,-92.0
47.65452435,-122.3083589,-93.0
47.65451712,-122.3083552,-92.0
47.65451491,-122.3083544,-88.0
47.6545127,-122.3083536,-88.0
47.65450891,-122.3083504,-92.0
47.6545071,-122.3083482,-90.0
47.65450528,-122.308346,-85.0
47.65450348,-122.3083438,-96.0
47.6545016,-122.3083417,-99.0
47.65449918,-122.3083397,-91.0
47.65449677,-122.3083376,-91.0
47.65449436,-122.3083356,-89.0
47.65449196,-122.3083336,-87.0
47.65448953,-122.3083317,-90.0
47.65448713,-122.3083303,-92.0
47.65448472,-122.3083289,-88.0
47.65448233,-122.3083275,-89.0
47.65447989,-122.3083261,-93.0
47.65447737,-122.3083247,-91.0
47.65447438,-122.3083233,-93.0
47.65447139,-122.3083219,-95.0
47.65446843,-122.3083205,-88.0
47.65446543,-122.3083191,-88.0
47.65446232,-122.3083174,-87.0
47.65445851,-122.3083142,-84.0
47.65445472,-122.308311,-86.0
47.65445091,-122.3083078,-84.0
47.65444366,-122.3083017,-88.0
47.65444226,-122.3083005,-84.0
47.65443955,-122.3082982,-87.0
47.65443815,-122.308297,-85.0
47.65443673,-122.3082958,-88.0
47.65443533,-122.3082948,-86.0
47.65443392,-122.3082938,-92.0
47.6544325,-122.3082928,-86.0
47.65443109,-122.3082918,-88.0
47.6544291,-122.3082903,-90.0
47.65442512,-122.3082871,-85.0
47.65442113,-122.3082839,-88.0
47.65441711,-122.3082807,-82.0
47.65441312,-122.3082775,-85.0
47.65440963,-122.3082748,-84.0
47.65440802,-122.3082738,-84.0
47.65440642,-122.3082728,-80.0
47.65440329,-122.3082708,-79.0
47.65440169,-122.3082698,-78.0
47.65440009,-122.3082688,-79.0
47.65439846,-122.3082678,-79.0
47.65439686,-122.3082668,-77.0
47.65439526,-122.3082658,-79.0
47.65439321,-122.3082643,-80.0
47.65438961,-122.3082611,-82.0
47.65438604,-122.3082579,-83.0
47.65438246,-122.3082547,-82.0
47.65437884,-122.3082515,-83.0
47.65437569,-122.3082488,-82.0
47.65437427,-122.3082478,-84.0
47.65437287,-122.3082468,-79.0
47.65437146,-122.3082458,-79.0
47.65437005,-122.3082448,-80.0
47.65436861,-122.3082437,-82.0
47.65436698,-122.3082425,-82.0
47.65436538,-122.3082413,-85.0
47.65436218,-122.3082389,-78.0
47.65435619,-122.308235,-75.0
47.65434501,-122.3082279,-85.0
47.65434166,-122.3082258,-82.0
47.65434005,-122.308225,-83.0
47.65433844,-122.3082242,-84.0
47.65433684,-122.3082234,-83.0
47.65433525,-122.3082226,-91.0
47.6543337,-122.3082218,-88.0
47.6543323,-122.3082208,-99.0
47.6543309,-122.3082198,-86.0
47.65432948,-122.3082188,-79.0
47.65432808,-122.3082178,-82.0
47.65432612,-122.3082163,-85.0
47.65432211,-122.3082133,-81.0
47.65431809,-122.3082103,-84.0
47.65431408,-122.3082073,-98.0
47.65431004,-122.3082043,-95.0
47.6543066,-122.3082018,-89.0
47.65430502,-122.3082008,-84.0
47.65430342,-122.3081998,-86.0
47.6543018,-122.3081988,-83.0
47.6543002,-122.3081977,-101.0
47.65429859,-122.3081967,-87.0
47.65429698,-122.3081957,-87.0
47.65429537,-122.3081947,-89.0
47.65429376,-122.3081937,-97.0
47.65429216,-122.3081927,-90.0
47.65428999,-122.3081913,-95.0
47.65428641,-122.3081887,-90.0
47.65428278,-122.3081861,-93.0
47.65427916,-122.3081835,-98.0
47.65427579,-122.308181,-85.0
47.65427267,-122.3081788,-83.0
47.65427127,-122.3081778,-82.0
47.65426987,-122.3081768,-82.0
47.65426847,-122.3081758,-82.0
47.65426705,-122.3081748,-87.0
47.6542656,-122.3081738,-91.0
47.654264,-122.3081727,-88.0
47.65426239,-122.3081717,-84.0
47.65426079,-122.3081707,-79.0
47.65425918,-122.3081697,-78.0
47.65425703,-122.3081682,-84.0
47.65425323,-122.3081652,-96.0
47.65424941,-122.3081622,-89.0
47.65424562,-122.3081592,-90.0
47.65424179,-122.3081562,-85.0
47.65423853,-122.3081537,-85.0
47.65423671,-122.3081527,-93.0
47.6542349,-122.3081517,-82.0
47.65423307,-122.3081507,-81.0
47.65423127,-122.3081497,-90.0
47.65422952,-122.3081486,-98.0
47.65422802,-122.3081475,-92.0
47.65422322,-122.3081439,-84.0
47.65422127,-122.308143,-78.0
47.65421827,-122.3081428,-78.0
47.65421526,-122.3081426,-85.0
47.65421225,-122.3081424,-83.0
47.65420923,-122.3081421,-81.0
47.65420629,-122.3081424,-76.0
47.65420349,-122.308144,-78.0
47.65420066,-122.3081456,-84.0
47.65419783,-122.3081472,-87.0
47.65419503,-122.3081488,-80.0
47.65419235,-122.3081501,-76.0
47.65418994,-122.3081503,-76.0
47.65418753,-122.3081505,-78.0
47.65418511,-122.3081507,-78.0
47.6541827,-122.3081509,-78.0
47.65417978,-122.3081502,-75.0
47.6541756,-122.3081474,-75.0
47.6541714,-122.3081446,-74.0
47.65416721,-122.3081418,-74.0
47.65416307,-122.308139,-72.0
47.65415909,-122.3081367,-79.0
47.65415571,-122.3081355,-78.0
47.65415233,-122.3081343,-74.0
47.65414216,-122.3081311,-77.0
47.65413956,-122.3081313,-78.0
47.65413453,-122.3081317,-81.0
47.65413193,-122.3081319,-80.0
47.65412698,-122.3081355,-83.0
47.65412458,-122.3081383,-86.0
47.65412217,-122.3081411,-79.0
47.65411976,-122.3081439,-86.0
47.65411757,-122.3081473,-83.0
47.65411595,-122.3081522,-90.0
47.65411433,-122.308157,-86.0
47.65411272,-122.3081619,-77.0
47.65411111,-122.3081667,-82.0
47.65410975,-122.3081713,-82.0
47.65410893,-122.3081753,-79.0
47.65410814,-122.3081793,-80.0
47.65410734,-122.3081833,-77.0
47.65410373,-122.3081986,-83.0
47.65410273,-122.3082024,-82.0
47.65410172,-122.3082062,-80.0
47.65410054,-122.30821,-79.0
47.65409893,-122.3082137,-71.0
47.65409732,-122.3082173,-72.0
47.65409572,-122.3082209,-73.0
47.65409413,-122.3082245,-74.0
47.6540927,-122.3082283,-72.0
47.65409171,-122.3082324,-72.0
47.6540907,-122.3082367,-70.0
47.65408969,-122.3082409,-69.0
47.65408869,-122.3082451,-68.0
47.65408776,-122.3082492,-69.0
47.65408696,-122.3082532,-67.0
47.65408616,-122.3082572,-69.0
47.65408535,-122.3082612,-70.0
47.65408454,-122.3082653,-70.0
47.65408374,-122.3082692,-70.0
47.65408293,-122.3082731,-70.0
47.65408213,-122.3082769,-69.0
47.65408133,-122.3082807,-71.0
47.65408053,-122.3082845,-73.0
47.65407973,-122.3082883,-74.0
47.65407892,-122.3082921,-73.0
47.65407737,-122.3082995,-71.0
47.65407657,-122.3083033,-73.0
47.6540757,-122.3083072,-76.0
47.65407469,-122.3083112,-74.0
47.6540737,-122.3083152,-72.0
47.65407269,-122.3083193,-71.0
47.65407168,-122.3083233,-71.0
47.65407053,-122.308327,-74.0
47.65406912,-122.30833,-74.0
47.65406772,-122.308333,-77.0
47.65406631,-122.3083361,-72.0
47.6540649,-122.3083391,-73.0
47.65406371,-122.3083419,-74.0
47.65406269,-122.3083452,-72.0
47.65406169,-122.3083484,-70.0
47.65406069,-122.3083516,-72.0
47.65405967,-122.3083549,-71.0
47.65405893,-122.3083581,-75.0
47.65405873,-122.3083616,-74.0
47.65405854,-122.3083648,-77.0
47.65405834,-122.3083683,-73.0
47.65405814,-122.3083717,-74.0
47.65405762,-122.3083757,-74.0
47.65405643,-122.3083811,-75.0
47.65405521,-122.3083866,-72.0
47.654054,-122.308392,-77.0
47.65405279,-122.3083975,-76.0
47.65405186,-122.3084019,-75.0
47.65405146,-122.3084045,-73.0
47.65405106,-122.3084071,-71.0
47.65405065,-122.3084098,-73.0
47.65405028,-122.3084122,-75.0
47.65404988,-122.3084147,-77.0
47.65404948,-122.3084171,-75.0
47.65404907,-122.3084196,-72.0
47.65404868,-122.3084219,-72.0
47.6540475,-122.3084279,-83.0
47.65404589,-122.3084339,-78.0
47.65404428,-122.30844,-76.0
47.65404268,-122.3084459,-75.0
47.65404108,-122.3084519,-77.0
47.65403974,-122.3084568,-79.0
47.65403894,-122.3084592,-79.0
47.65403814,-122.3084616,-79.0
47.65403734,-122.308464,-74.0
47.65403654,-122.3084664,-76.0
47.6540358,-122.3084689,-75.0
47.65403519,-122.3084715,-79.0
47.65403459,-122.3084741,-78.0
47.65403399,-122.3084767,-78.0
47.65403339,-122.3084793,-79.0
47.65403253,-122.3084823,-80.0
47.65403114,-122.3084861,-79.0
47.65402974,-122.3084899,-80.0
47.65402835,-122.3084936,-80.0
47.65402695,-122.3084974,-82.0
47.65402489,-122.308505,-80.0
47.65402409,-122.3085086,-79.0
47.65402329,-122.3085122,-79.0
47.65402249,-122.3085158,-76.0
47.65402162,-122.3085194,-79.0
47.65402062,-122.3085232,-78.0
47.65401963,-122.308527,-77.0
47.65401864,-122.3085308,-79.0
47.65401763,-122.3085346,-78.0
47.65401656,-122.3085382,-78.0
47.65401538,-122.3085416,-82.0
47.65401417,-122.308545,-81.0
47.65401298,-122.3085484,-84.0
47.65401178,-122.3085518,-78.0
47.65401065,-122.3085553,-78.0
47.65400966,-122.3085591,-77.0
47.65400866,-122.3085629,-78.0
47.65400766,-122.3085667,-79.0
47.65400666,-122.3085705,-80.0
47.65400573,-122.3085778,-83.0
47.65400533,-122.308585,-80.0
47.65400513,-122.3085886,-76.0
47.65400459,-122.3085917,-77.0
47.65400219,-122.3085962,-82.0
47.65400097,-122.3085984,-80.0
47.65399977,-122.3086006,-82.0
47.65399879,-122.3086033,-78.0
47.65399819,-122.3086068,-82.0
47.65399759,-122.3086105,-79.0
47.65399699,-122.3086141,-79.0
47.65399638,-122.3086177,-84.0
47.65399578,-122.3086209,-79.0
47.65399518,-122.3086236,-82.0
47.65399458,-122.3086262,-77.0
47.65399398,-122.3086288,-76.0
47.65399338,-122.3086314,-87.0
47.65399262,-122.308634,-83.0
47.65399162,-122.3086366,-82.0
47.6539906,-122.3086392,-76.0
47.6539896,-122.3086418,-79.0
47.65398859,-122.3086445,-81.0
47.65398461,-122.3086471,-76.0
47.65398221,-122.3086479,-79.0
47.65397741,-122.3086495,-76.0
47.65397543,-122.3086495,-75.0
47.65397402,-122.3086483,-78.0
47.6539727,-122.3086472,-86.0
47.65397129,-122.308646,-84.0
47.65396988,-122.3086448,-82.0
47.65396839,-122.3086435,-81.0
47.65396677,-122.3086421,-79.0
47.65396516,-122.3086406,-85.0
47.65396356,-122.3086392,-81.0
47.65396194,-122.3086378,-84.0
47.65396042,-122.3086364,-79.0
47.65395901,-122.308635,-84.0
47.65395209,-122.3086284,-85.0
47.65395069,-122.3086272,-90.0
47.6539492,-122.3086259,-87.0
47.65394666,-122.3086237,-84.0
47.65394425,-122.3086216,-80.0
47.65394351,-122.3086209,-86.0
47.6539427,-122.3086202,-84.0
47.6539419,-122.3086195,-80.0
47.6539411,-122.3086188,-81.0
47.6539403,-122.3086181,-81.0
47.65393949,-122.3086174,-81.0
47.65393845,-122.3086164,-76.0
47.65393703,-122.308615,-79.0
47.65393561,-122.3086136,-82.0
47.6539342,-122.3086122,-87.0
47.65393279,-122.3086108,-84.0
47.65393148,-122.3086096,-88.0
47.65393007,-122.3086083,-79.0
47.65392866,-122.3086071,-81.0
47.65392726,-122.3086059,-87.0
47.65392584,-122.3086047,-77.0
47.6539239,-122.3086031,-80.0
47.65392107,-122.3086009,-81.0
47.65391823,-122.3085987,-82.0
47.65391541,-122.3085965,-84.0
47.65391261,-122.3085943,-80.0
47.65390989,-122.3085922,-78.0
47.65390727,-122.3085904,-81.0
47.65390469,-122.3085886,-85.0
47.65390209,-122.3085868,-90.0
47.65389949,-122.308585,-85.0
47.6538969,-122.3085832,-86.0
47.65389427,-122.3085814,-83.0
47.65389167,-122.3085796,-79.0
47.65388907,-122.3085778,-83.0
47.65388647,-122.308576,-85.0
47.6538837,-122.308576,-89.0
47.65388072,-122.3085781,-84.0
47.65387772,-122.3085803,-89.0
47.65387473,-122.3085825,-91.0
47.65387174,-122.3085847,-88.0
47.65386831,-122.3085865,-98.0
47.65386428,-122.3085877,-85.0
47.6538603,-122.3085889,-87.0
47.65385633,-122.3085901,-86.0
47.65385233,-122.3085913,-81.0
47.65384934,-122.3085919,-85.0
47.65384774,-122.3085917,-79.0
47.65384614,-122.3085915,-86.0
47.65384452,-122.3085913,-81.0
47.65384293,-122.3085911,-91.0
47.65384134,-122.3085909,-92.0
47.65383972,-122.3085907,-89.0
47.6538381,-122.3085905,-85.0
47.65383649,-122.3085903,-91.0
47.65383489,-122.3085901,-81.0
47.6538333,-122.3085897,-86.0
47.65383171,-122.3085891,-89.0
47.65383011,-122.3085885,-87.0
47.6538285,-122.3085879,-88.0
47.65382687,-122.3085873,-93.0
47.6538245,-122.3085863,-83.0
47.65382151,-122.308585,-80.0
47.65381829,-122.3085836,-84.0
47.65381508,-122.3085822,-84.0
47.65381187,-122.3085808,-84.0
47.65380916,-122.3085795,-98.0
47.65380714,-122.3085783,-89.0
47.65380513,-122.3085771,-93.0
47.65380311,-122.3085759,-86.0
47.6538011,-122.3085747,-90.0
47.65379853,-122.3085727,-83.0
47.6537953,-122.3085699,-87.0
47.65379229,-122.3085673,-85.0
47.65378907,-122.3085644,-95.0
47.65378583,-122.3085616,-95.0
47.65378321,-122.3085597,-91.0
47.65378139,-122.3085591,-90.0
47.65377958,-122.3085585,-83.0
47.65377776,-122.3085579,-87.0
47.65377595,-122.3085573,-94.0
47.65377273,-122.3085564,-86.0
47.65377111,-122.308556,-86.0
47.6537695,-122.3085556,-79.0
47.65376787,-122.3085552,-88.0
47.65376523,-122.3085533,-82.0
47.65376139,-122.3085497,-96.0
47.653754,-122.3085427,-87.0
47.65375019,-122.3085391,-97.0
47.65374731,-122.3085367,-92.0
47.6537457,-122.3085358,-86.0
47.65374408,-122.308535,-99.0
47.65374246,-122.3085342,-96.0
47.65374084,-122.3085334,-94.0
47.65373792,-122.3085315,-88.0
47.65373652,-122.3085305,-87.0
47.65373512,-122.3085295,-90.0
47.65373372,-122.3085285,-83.0
47.65373232,-122.3085269,-86.0
47.65373071,-122.3085243,-84.0
47.65372908,-122.3085216,-82.0
47.65372747,-122.308519,-89.0
47.65372587,-122.3085164,-87.0
47.65372427,-122.3085145,-89.0
47.65372266,-122.3085135,-94.0
47.65372106,-122.3085125,-86.0
47.65371943,-122.3085115,-81.0
47.65371782,-122.3085105,-86.0
47.65371116,-122.3085066,-80.0
47.65370636,-122.3085038,-82.0
47.65370373,-122.3085021,-81.0
47.65370093,-122.3085001,-84.0
47.6536981,-122.3084981,-82.0
47.65369529,-122.3084961,-84.0
47.65369247,-122.3084941,-85.0
47.65368997,-122.3084909,-81.0
47.65368776,-122.3084865,-76.0
47.65368554,-122.3084821,-79.0
47.65368108,-122.3084732,-91.0
47.65367911,-122.3084702,-82.0
47.65367707,-122.3084684,-81.0
47.65367506,-122.3084666,-85.0
47.65367303,-122.3084647,-80.0
47.653671,-122.3084629,-77.0
47.65366919,-122.3084604,-79.0
47.65366769,-122.3084574,-82.0
47.65366607,-122.3084541,-78.0
47.65366445,-122.3084509,-79.0
47.65366283,-122.3084477,-79.0
47.65366131,-122.3084448,-78.0
47.65365989,-122.3084424,-79.0
47.65365857,-122.3084401,-78.0
47.65365716,-122.3084377,-82.0
47.65365575,-122.3084353,-85.0
47.65365406,-122.3084312,-79.0
47.65365206,-122.3084252,-84.0
47.65365005,-122.3084192,-83.0
47.65364805,-122.3084132,-78.0
47.65364604,-122.3084071,-79.0
47.6536448,-122.3084026,-77.0
47.6536444,-122.3083998,-76.0
47.653644,-122.308397,-78.0
47.6536436,-122.3083942,-71.0
47.6536432,-122.3083914,-76.0
47.65364201,-122.3083836,-78.0
47.65364161,-122.3083809,-74.0
47.6536412,-122.3083783,-78.0
47.65364191,-122.3083758,-77.0
47.65364371,-122.3083734,-77.0
47.65364554,-122.3083709,-76.0
47.65364735,-122.3083685,-77.0
47.65365047,-122.3083634,-77.0
47.65365147,-122.30836,-78.0
47.65365247,-122.3083566,-79.0
47.65365347,-122.3083532,-78.0
47.65365447,-122.3083498,-78.0
47.65365559,-122.3083467,-79.0
47.6536568,-122.3083441,-78.0
47.65365804,-122.3083414,-80.0
47.65365923,-122.3083388,-79.0
47.65366044,-122.3083362,-77.0
47.65366218,-122.3083312,-79.0
47.653663,-122.3083285,-77.0
47.65366382,-122.3083258,-81.0
47.65366462,-122.3083232,-84.0
47.65366748,-122.3083165,-88.0
47.65366848,-122.3083143,-81.0
47.6536695,-122.3083121,-82.0
47.65367041,-122.3083098,-83.0
47.65367121,-122.3083074,-80.0
47.65367202,-122.3083049,-85.0
47.65367283,-122.3083025,-95.0
47.6536742,-122.3082972,-87.0
47.6536746,-122.3082936,-80.0
47.65367501,-122.3082899,-87.0
47.65367541,-122.3082863,-81.0
47.65367581,-122.3082827,-80.0
47.65367675,-122.3082789,-90.0
47.65367817,-122.3082748,-82.0
47.65367957,-122.3082708,-76.0
47.65368088,-122.3082671,-88.0
47.6536823,-122.308263,-80.0
47.65368371,-122.3082592,-79.0
47.65368512,-122.3082555,-85.0
47.65368654,-122.3082519,-84.0
47.65368795,-122.3082483,-77.0
47.65368937,-122.3082446,-77.0
47.6536927,-122.3082382,-82.0
47.65369452,-122.308235,-84.0
47.65369635,-122.3082317,-89.0
47.65369817,-122.3082285,-85.0
47.65370019,-122.3082255,-86.0
47.65370243,-122.3082226,-85.0
47.65370671,-122.3082172,-84.0
47.65370891,-122.3082144,-99.0
47.65371141,-122.3082128,-96.0
47.65371419,-122.3082124,-90.0
47.65371702,-122.308212,-87.0
47.65371981,-122.3082116,-92.0
47.65372264,-122.3082112,-81.0
47.65372557,-122.3082112,-87.0
47.65372858,-122.3082116,-86.0
47.65373161,-122.308212,-85.0
47.65373464,-122.3082124,-79.0
47.65373767,-122.3082128,-83.0
47.65374292,-122.3082166,-80.0
47.65374559,-122.3082191,-84.0
47.65374819,-122.3082215,-89.0
47.65375081,-122.3082239,-78.0
47.6537538,-122.3082256,-82.0
47.65375699,-122.3082266,-87.0
47.65376022,-122.3082276,-85.0
47.65376644,-122.3082295,-85.0
47.65376956,-122.30823,-77.0
47.65377256,-122.30823,-88.0
47.65377556,-122.30823,-86.0
47.65378172,-122.30823,-90.0
47.65379021,-122.3082295,-80.0
47.65379582,-122.3082291,-83.0
47.65379873,-122.308229,-84.0
47.65380173,-122.308229,-79.0
47.65381056,-122.308229,-80.0
47.65381419,-122.308229,-82.0
47.65381842,-122.308229,-77.0
47.65382259,-122.308229,-86.0
47.65382687,-122.308229,-80.0
47.65383111,-122.308229,-78.0
47.65383388,-122.3082289,-77.0
47.65383548,-122.3082287,-85.0
47.65383708,-122.3082285,-80.0
47.65383865,-122.3082283,-77.0
47.65384025,-122.3082281,-75.0
47.65384186,-122.308228,-86.0
47.65384348,-122.308228,-87.0
47.65384508,-122.308228,-74.0
47.65384669,-122.308228,-76.0
47.65384829,-122.308228,-79.0
47.65385122,-122.308227,-73.0
47.6538552,-122.3082252,-77.0
47.65385923,-122.3082234,-81.0
47.65386326,-122.3082216,-83.0
47.6538673,-122.3082198,-78.0
47.65387004,-122.3082185,-79.0
47.65387185,-122.3082177,-77.0
47.65387364,-122.3082169,-76.0
47.65387546,-122.3082161,-82.0
47.65387726,-122.3082153,-77.0
47.65388055,-122.3082137,-77.0
47.65388536,-122.3082113,-75.0
47.65389183,-122.3082076,-77.0
47.65389569,-122.3082054,-78.0
47.65389951,-122.3082032,-75.0
47.65390337,-122.3082009,-80.0
47.65390581,-122.3081994,-75.0
47.65390723,-122.3081984,-80.0
47.65390864,-122.3081974,-76.0
47.65391136,-122.3081955,-77.0
47.65391287,-122.3081945,-78.0
47.65391448,-122.3081934,-79.0
47.6539161,-122.3081924,-78.0
47.65391772,-122.3081914,-78.0
47.65391934,-122.3081904,-82.0
47.6539212,-122.3081893,-78.0
47.65392309,-122.3081881,-85.0
47.6539251,-122.3081869,-82.0
47.65392712,-122.3081857,-82.0
47.65392917,-122.3081845,-83.0
47.65393119,-122.3081833,-89.0
47.6539332,-122.3081821,-85.0
47.65393521,-122.3081809,-78.0
47.6539391,-122.3081785,-76.0
47.65394122,-122.3081772,-72.0
47.65394344,-122.3081758,-75.0
47.65394567,-122.3081744,-82.0
47.65394789,-122.308173,-82.0
47.65395009,-122.3081716,-96.0
47.65395233,-122.3081697,-90.0
47.65395455,-122.3081675,-80.0
47.65395675,-122.3081653,-76.0
47.65396311,-122.3081589,-73.0
47.6539648,-122.3081572,-73.0
47.6539666,-122.3081554,-73.0
47.65396842,-122.3081536,-75.0
47.65397022,-122.3081518,-78.0
47.6539718,-122.3081496,-80.0
47.65397322,-122.3081472,-77.0
47.65397464,-122.3081448,-74.0
47.65397603,-122.3081424,-76.0
47.65397746,-122.3081399,-77.0
47.65397923,-122.3081376,-73.0
47.65398125,-122.3081354,-77.0
47.65398515,-122.3081311,-79.0
47.65398714,-122.3081289,-81.0
47.65398906,-122.3081268,-72.0
47.65399089,-122.3081248,-70.0
47.65399272,-122.3081228,-75.0
47.65399622,-122.3081189,-76.0
47.65399827,-122.3081172,-79.0
47.65400047,-122.3081158,-72.0
47.6540027,-122.3081144,-72.0
47.65400495,-122.3081129,-74.0
47.65400718,-122.3081115,-75.0
47.65400913,-122.3081099,-73.0
47.65401264,-122.3081064,-75.0
47.65401444,-122.3081046,-75.0
47.65401624,-122.3081028,-83.0
47.65401792,-122.3081003,-73.0
47.65401952,-122.3080973,-70.0
47.65402113,-122.3080943,-71.0
47.65402273,-122.3080913,-69.0
47.65402436,-122.3080882,-70.0
47.65402609,-122.3080854,-70.0
47.65402791,-122.3080828,-71.0
47.65402971,-122.3080802,-70.0
47.65403152,-122.3080776,-72.0
47.65403332,-122.308075,-75.0
47.65403538,-122.3080706,-72.0
47.6540376,-122.3080652,-69.0
47.65403981,-122.3080597,-73.0
47.65404201,-122.3080543,-68.0
47.65404422,-122.3080489,-68.0
47.6540455,-122.3080457,-69.0
47.65404629,-122.3080438,-75.0
47.6540471,-122.3080417,-70.0
47.65404791,-122.3080397,-67.0
47.65404871,-122.3080377,-72.0
47.65404951,-122.3080356,-74.0
47.65405031,-122.3080334,-74.0
47.65405112,-122.3080312,-71.0
47.65405192,-122.308029,-73.0
47.65405383,-122.3080245,-79.0
47.65405525,-122.3080218,-81.0
47.65405667,-122.3080192,-85.0
47.65405808,-122.3080166,-77.0
47.65405948,-122.308014,-77.0
47.65406089,-122.3080112,-74.0
47.6540623,-122.3080084,-82.0
47.65406371,-122.3080056,-76.0
47.6540651,-122.3080028,-72.0
47.65406859,-122.3079981,-82.0
47.65408081,-122.3079926,-79.0
47.65408387,-122.3079936,-80.0
47.65408689,-122.3079946,-81.0
47.65408994,-122.3079956,-79.0
47.65409294,-122.3079966,-79.0
47.65409613,-122.3079981,-80.0
47.65410233,-122.3080012,-84.0
47.65410555,-122.3080028,-82.0
47.65410881,-122.3080044,-88.0
47.65411251,-122.3080065,-84.0
47.65411655,-122.3080089,-89.0
47.65412059,-122.3080114,-91.0
47.65412461,-122.3080138,-81.0
47.65412863,-122.3080162,-84.0
47.6541312,-122.3080177,-94.0
47.65413301,-122.3080187,-88.0
47.65413482,-122.3080197,-85.0
47.6541383,-122.3080216,-84.0
47.65414011,-122.3080225,-81.0
47.65414193,-122.3080233,-92.0
47.65414374,-122.3080241,-80.0
47.65414556,-122.3080249,-86.0
47.65414737,-122.3080257,-82.0
47.65414946,-122.3080264,-82.0
47.65415168,-122.308027,-83.0
47.65415375,-122.3080276,-79.0
47.65415598,-122.3080282,-88.0
47.6541582,-122.3080288,-86.0
47.65416066,-122.3080294,-77.0
47.65416328,-122.30803,-81.0
47.65416591,-122.3080306,-85.0
47.65416851,-122.3080312,-81.0
47.65417111,-122.3080318,-84.0
47.65417344,-122.3080313,-82.0
47.65417566,-122.3080303,-95.0
47.65417789,-122.3080293,-81.0
47.65418009,-122.3080283,-83.0
47.65418227,-122.3080273,-85.0
47.65418396,-122.3080251,-83.0
47.65418668,-122.3080196,-86.0
47.65418809,-122.3080168,-81.0
47.65418951,-122.308014,-77.0
47.65419052,-122.308011,-76.0
47.65419133,-122.308008,-76.0
47.65419214,-122.308005,-80.0
47.65419295,-122.3080019,-88.0
47.65419374,-122.3079965,-77.0
47.65419334,-122.307994,-79.0
47.65419293,-122.3079916,-81.0
47.65419253,-122.3079892,-76.0
47.65419212,-122.3079867,-80.0
47.65419331,-122.3079808,-78.0
47.65419412,-122.3079775,-94.0
47.65419493,-122.3079743,-83.0
47.65419574,-122.307971,-82.0
47.65419655,-122.307968,-81.0
47.65419735,-122.3079649,-82.0
47.65419816,-122.3079619,-83.0
47.65419896,-122.3079589,-78.0
47.65419976,-122.3079559,-79.0
47.6542021,-122.3079507,-82.0
47.65420508,-122.3079445,-87.0
47.65420808,-122.3079383,-89.0
47.65421108,-122.3079321,-92.0
47.65421407,-122.3079259,-82.0
47.65421514,-122.3079216,-82.0
47.65421534,-122.3079182,-82.0
47.65421554,-122.3079149,-81.0
47.65421573,-122.3079115,-85.0
47.65421593,-122.3079081,-82.0
47.65421614,-122.307905,-81.0
47.65421634,-122.3079019,-84.0
47.65421654,-122.3078989,-88.0
47.65421674,-122.3078959,-76.0
47.65421694,-122.307893,-76.0
47.6542178,-122.3078892,-81.0
47.65421901,-122.307885,-80.0
47.65422021,-122.3078808,-76.0
47.65422142,-122.3078765,-78.0
47.65422263,-122.3078723,-80.0
47.65422328,-122.3078683,-78.0
47.65422368,-122.3078645,-76.0
47.65422409,-122.3078607,-76.0
47.65422448,-122.3078569,-76.0
47.65422489,-122.3078531,-75.0
47.65422672,-122.3078458,-75.0
47.6542277,-122.3078423,-84.0
47.65422871,-122.3078387,-80.0
47.65422972,-122.307835,-73.0
47.65423101,-122.3078311,-77.0
47.65423241,-122.3078271,-79.0
47.65423381,-122.3078231,-75.0
47.65423519,-122.3078192,-74.0
47.65423659,-122.3078152,-75.0
47.65423771,-122.307811,-83.0
47.65423872,-122.3078068,-82.0
47.65423972,-122.3078026,-77.0
47.65424072,-122.3077984,-80.0
47.65424172,-122.3077942,-79.0
47.65424359,-122.3077907,-78.0
47.65424578,-122.3077875,-76.0
47.65424798,-122.3077843,-79.0
47.6542502,-122.3077811,-83.0
47.65425239,-122.3077779,-82.0
47.65425474,-122.3077732,-73.0
47.65425713,-122.3077681,-74.0
47.65425951,-122.3077629,-79.0
47.6542619,-122.3077577,-74.0
47.65426432,-122.3077525,-73.0
47.65426585,-122.3077497,-89.0
47.65426705,-122.3077479,-75.0
47.65426826,-122.3077461,-91.0
47.65426948,-122.3077443,-77.0
47.65427068,-122.3077425,-74.0
47.65427188,-122.3077408,-76.0
47.65427541,-122.3077361,-73.0
47.65427669,-122.3077344,-70.0
47.65428092,-122.3077332,-70.0
47.65428675,-122.307732,-77.0
47.65429257,-122.3077308,-74.0
47.6542984,-122.3077296,-68.0
47.65430422,-122.3077284,-73.0
47.65430529,-122.3077245,-72.0
47.65430428,-122.3077194,-75.0
47.65430327,-122.3077144,-71.0
47.65430226,-122.3077093,-73.0
47.65430128,-122.3077044,-72.0
47.65430248,-122.3077048,-73.0
47.65430637,-122.3077094,-71.0
47.65430838,-122.3077119,-68.0
47.65431041,-122.3077143,-69.0
47.65431156,-122.3077156,-69.0
47.65431236,-122.3077164,-71.0
47.65431317,-122.3077172,-68.0
47.65431397,-122.307718,-67.0
47.65431477,-122.3077188,-70.0
47.65431642,-122.3077183,-74.0
47.65431844,-122.3077173,-75.0
47.65432044,-122.3077163,-69.0
47.65432243,-122.3077153,-65.0
47.65432441,-122.3077143,-66.0
47.65432599,-122.3077124,-69.0
47.65432739,-122.3077102,-69.0
47.6543288,-122.307708,-69.0
47.65433022,-122.3077058,-68.0
47.65433162,-122.3077036,-67.0
47.6543311,-122.3076957,-68.0
47.65432991,-122.3076859,-70.0
47.6543287,-122.3076761,-67.0
47.6543275,-122.3076663,-67.0
47.65432629,-122.3076564,-65.0
47.65432569,-122.3076515,-68.0
47.65432449,-122.3076419,-75.0
47.65432412,-122.307639,-74.0
47.65432512,-122.3076351,-75.0
47.65432676,-122.3076308,-82.0
47.65432836,-122.3076265,-85.0
47.65432998,-122.3076223,-75.0
47.65433157,-122.3076181,-77.0
47.65433243,-122.307613,-78.0
47.65433303,-122.3076074,-79.0
47.65433363,-122.3076018,-95.0
47.65433423,-122.3075962,-80.0
47.65433483,-122.3075906,-71.0
47.65433471,-122.3075856,-72.0
47.65433431,-122.3075808,-75.0
47.65433392,-122.307576,-70.0
47.65433351,-122.3075711,-71.0
47.65433311,-122.3075663,-71.0
47.65433404,-122.3075608,-71.0
47.65433545,-122.3075552,-70.0
47.65433686,-122.3075496,-77.0
47.65433826,-122.307544,-72.0
47.65433966,-122.3075384,-75.0
47.65434,-122.3075347,-72.0
47.65434,-122.3075317,-69.0
47.65434,-122.3075287,-70.0
47.65434,-122.3075258,-70.0
47.65434,-122.3075228,-71.0
47.65434,-122.3075198,-70.0
47.65434,-122.3075168,-74.0
47.65434,-122.3075138,-74.0
47.65434,-122.3075107,-72.0
47.65434,-122.3075077,-69.0
47.65433984,-122.3075051,-77.0
47.65433945,-122.3075004,-75.0
47.65433925,-122.307498,-74.0
47.65433905,-122.3074956,-77.0
47.65433869,-122.3074931,-76.0
47.65433829,-122.3074907,-75.0
47.65433751,-122.3074861,-71.0
47.6543371,-122.3074836,-72.0
47.6543358,-122.3074803,-71.0
47.65433418,-122.3074767,-70.0
47.65433254,-122.307473,-69.0
47.65433094,-122.3074694,-77.0
47.65432934,-122.3074658,-73.0
47.65432768,-122.3074616,-73.0
47.65432585,-122.307457,-73.0
47.65432404,-122.3074523,-72.0
47.65432221,-122.3074477,-74.0
47.65432037,-122.3074429,-73.0
47.65431895,-122.3074364,-79.0
47.65431835,-122.3074332,-75.0
47.65431774,-122.30743,-79.0
47.65431715,-122.3074268,-72.0
47.65431639,-122.3074234,-73.0
47.65431558,-122.30742,-69.0
47.65431478,-122.3074165,-68.0
47.65431396,-122.3074131,-67.0
47.65431025,-122.3074008,-71.0
47.65430923,-122.3073977,-74.0
47.65430823,-122.3073947,-87.0
47.65430754,-122.3073903,-71.0
47.65430693,-122.3073854,-74.0
47.65430633,-122.3073807,-78.0
47.65430573,-122.3073758,-78.0
47.65430513,-122.307371,-79.0
47.65430484,-122.3073682,-77.0
47.65430465,-122.3073662,-72.0
47.65430445,-122.307364,-71.0
47.65430425,-122.3073617,-75.0
47.65430405,-122.3073595,-68.0
47.65430369,-122.3073573,-76.0
47.65430329,-122.3073551,-77.0
47.65430289,-122.3073529,-73.0
47.65430248,-122.3073507,-74.0
47.65430208,-122.3073484,-73.0
47.65430168,-122.3073462,-85.0
47.6543009,-122.3073419,-76.0
47.6543005,-122.3073397,-74.0
47.6543001,-122.3073375,-74.0
47.65429858,-122.3073296,-89.0
47.65429778,-122.3073254,-85.0
47.65429698,-122.3073212,-74.0
47.65429618,-122.3073169,-73.0
47.65429492,-122.3073134,-75.0
47.6542935,-122.3073099,-73.0
47.65429209,-122.3073065,-72.0
47.65429067,-122.3073031,-96.0
47.65428926,-122.3072996,-76.0
47.65428884,-122.3072961,-74.0
47.65428864,-122.3072925,-70.0
47.65428844,-122.3072888,-75.0
47.65428574,-122.3072667,-68.0
47.65428514,-122.3072629,-68.0
47.65428484,-122.30726,-74.0
47.65428464,-122.3072573,-80.0
47.65428444,-122.3072547,-68.0
47.65428424,-122.3072521,-69.0
47.65428404,-122.3072495,-65.0
47.65428289,-122.307246,-65.0
47.65428148,-122.3072422,-67.0
47.65428007,-122.3072383,-67.0
47.65427866,-122.3072345,-63.0
47.65427724,-122.3072307,-64.0
47.65427584,-122.3072265,-66.0
47.65427445,-122.3072223,-66.0
47.65427304,-122.3072181,-67.0
47.65427163,-122.3072139,-66.0
47.65427025,-122.3072097,-67.0
47.65426899,-122.3072053,-70.0
47.65426787,-122.3072012,-66.0
47.65426666,-122.3071968,-67.0
47.65426546,-122.3071923,-65.0
47.65426424,-122.3071879,-63.0
47.65426336,-122.3071844,-66.0
47.65426254,-122.3071812,-69.0
47.65426173,-122.3071779,-69.0
47.65426018,-122.3071717,-75.0
47.65425859,-122.3071666,-68.0
47.65425678,-122.307161,-68.0
47.65425497,-122.3071553,-72.0
47.65425314,-122.3071497,-82.0
47.65425132,-122.307144,-75.0
47.65425067,-122.3071412,-70.0
47.65425026,-122.3071389,-78.0
47.65424986,-122.3071367,-79.0
47.65424946,-122.3071345,-78.0
47.65424906,-122.3071323,-68.0
47.65424792,-122.3071284,-76.0
47.65424733,-122.3071264,-71.0
47.65424672,-122.3071244,-70.0
47.65424611,-122.3071224,-75.0
47.65424682,-122.3071215,-69.0
47.65424782,-122.3071209,-74.0
47.65424883,-122.3071203,-70.0
47.65424985,-122.3071197,-71.0
47.65425309,-122.3071192,-70.0
47.65425567,-122.3071194,-71.0
47.65426087,-122.3071198,-82.0
47.6542635,-122.30712,-78.0
47.65426595,-122.3071192,-86.0
47.65426836,-122.3071182,-74.0
47.65427077,-122.3071172,-81.0
47.65427317,-122.3071162,-83.0
47.6542756,-122.3071152,-88.0
47.65427735,-122.3071142,-77.0
47.65427897,-122.3071131,-71.0
47.65428059,-122.3071121,-82.0
47.65428208,-122.3071112,-82.0
47.65428368,-122.3071102,-81.0
47.65428433,-122.3071092,-74.0
47.65428473,-122.3071082,-71.0
47.65428513,-122.3071072,-84.0
47.65428554,-122.3071062,-80.0
47.65428594,-122.3071051,-78.0
47.65428686,-122.3071041,-83.0
47.65428787,-122.3071031,-74.0
47.65428981,-122.3071012,-88.0
47.65429082,-122.3071002,-70.0
47.65429299,-122.3070987,-80.0
47.6542954,-122.3070971,-78.0
47.65429783,-122.3070954,-75.0
47.65430025,-122.3070938,-77.0
47.65430266,-122.3070922,-78.0
47.65430592,-122.3070903,-74.0
47.65430936,-122.3070883,-76.0
47.65431598,-122.3070844,-67.0
47.65431941,-122.3070823,-72.0
47.65432153,-122.307081,-74.0
47.65432333,-122.3070798,-73.0
47.65432514,-122.3070786,-76.0
47.65432694,-122.3070774,-75.0
47.65432875,-122.3070762,-79.0
47.65433228,-122.3070738,-71.0
47.6543341,-122.3070726,-72.0
47.65433592,-122.3070714,-74.0
47.65433773,-122.3070702,-71.0
47.65434242,-122.3070676,-71.0
47.65434767,-122.3070648,-77.0
47.65435788,-122.3070593,-69.0
47.65436317,-122.3070564,-71.0
47.65436553,-122.3070552,-70.0
47.65436732,-122.3070542,-70.0
47.65436915,-122.3070531,-72.0
47.65437095,-122.3070521,-68.0
47.65437278,-122.3070511,-68.0
47.65437562,-122.3070494,-70.0
47.65437863,-122.3070476,-70.0
47.65438163,-122.3070458,-69.0
47.65438467,-122.307044,-67.0
47.65438768,-122.3070422,-72.0
47.65438997,-122.3070409,-72.0
47.65439204,-122.3070398,-75.0
47.65439429,-122.3070386,-74.0
47.65439651,-122.3070374,-70.0
47.65439873,-122.3070361,-75.0
47.65439972,-122.3070362,-75.0
47.6544005,-122.3070364,-72.0
47.65440131,-122.3070366,-71.0
47.65440212,-122.3070368,-71.0
47.65440503,-122.307036,-70.0
47.65440744,-122.3070348,-66.0
47.65440985,-122.3070336,-67.0
47.65441226,-122.3070324,-73.0
47.65441465,-122.3070312,-80.0
47.65441704,-122.30703,-81.0
47.65441945,-122.3070288,-82.0
47.65442185,-122.3070276,-77.0
47.65442425,-122.3070264,-74.0
47.65442667,-122.3070252,-78.0
47.65442872,-122.3070267,-73.0
47.65443074,-122.3070287,-77.0
47.65443274,-122.3070307,-70.0
47.65443475,-122.3070327,-72.0
47.65443675,-122.3070348,-73.0
47.65443806,-122.3070368,-76.0
47.65443925,-122.3070388,-71.0
47.65444045,-122.3070408,-68.0
47.65444166,-122.3070428,-72.0
47.65444288,-122.3070448,-72.0
47.65444427,-122.3070466,-81.0
47.65444559,-122.3070483,-74.0
47.65444699,-122.3070501,-74.0
47.6544484,-122.3070519,-76.0
47.65444979,-122.3070537,-72.0
47.65445103,-122.3070555,-73.0
47.65445462,-122.3070609,-72.0
47.65445582,-122.3070627,-78.0
47.65445548,-122.3070673,-73.0
47.65445488,-122.3070723,-70.0
47.65445428,-122.3070773,-71.0
47.65445368,-122.3070823,-85.0
47.65445308,-122.3070873,-72.0
47.65445231,-122.3070916,-70.0
47.6544515,-122.3070959,-72.0
47.6544507,-122.3071001,-85.0
47.65444991,-122.3071042,-78.0
47.65444911,-122.3071084,-84.0
47.65444728,-122.3071135,-95.0
47.65443915,-122.3071346,-75.0
47.65443826,-122.307137,-77.0
47.65443751,-122.3071391,-74.0
47.6544359,-122.3071435,-75.0
47.65443191,-122.3071545,-80.0
47.65443106,-122.3071568,-80.0
47.65442712,-122.3071667,-92.0
47.65442313,-122.3071767,-74.0
47.65442114,-122.3071817,-82.0
47.6544199,-122.3071842,-77.0
47.6544187,-122.3071866,-80.0
47.65441749,-122.307189,-78.0
47.6544163,-122.3071914,-84.0
47.6544151,-122.3071938,-83.0
47.65441389,-122.3071962,-78.0
47.6544127,-122.3071986,-83.0
47.6544115,-122.307201,-73.0
47.65441031,-122.3072034,-72.0
47.6544091,-122.3072058,-74.0
47.65441009,-122.3072098,-78.0
47.65441128,-122.307214,-72.0
47.65441247,-122.3072182,-82.0
47.65441366,-122.3072223,-79.0
47.65441486,-122.3072265,-77.0
47.65441482,-122.307229,-75.0
47.65441462,-122.3072312,-71.0
47.65441442,-122.3072334,-77.0
47.65441422,-122.3072356,-90.0
47.65441402,-122.3072378,-82.0
47.65441326,-122.3072399,-93.0
47.65441245,-122.3072419,-83.0
47.65441165,-122.3072439,-84.0
47.65441086,-122.3072459,-74.0
47.65441006,-122.3072479,-80.0
47.65440981,-122.3072519,-78.0
47.65440962,-122.307256,-74.0
47.65440942,-122.3072603,-84.0
47.65440921,-122.3072645,-74.0
47.65440901,-122.3072687,-80.0
47.65440844,-122.3072716,-79.0
47.65440784,-122.3072744,-75.0
47.65440724,-122.3072772,-85.0
47.65440663,-122.30728,-84.0
47.65440604,-122.3072828,-79.0
47.65440581,-122.3072855,-85.0
47.65440522,-122.3072932,-77.0
47.65440502,-122.3072958,-71.0
47.65440574,-122.3073003,-75.0
47.65440655,-122.3073049,-75.0
47.65440736,-122.3073096,-68.0
47.65440817,-122.3073142,-70.0
47.65434012,-122.30752,-68.0
47.65433811,-122.3075228,-71.0
47.65433401,-122.3075217,-67.0
47.65432977,-122.3075203,-67.0
47.65432556,-122.3075189,-67.0
47.65432136,-122.3075175,-69.0
47.65431715,-122.307516,-70.0
47.65431547,-122.3075143,-68.0
47.65431386,-122.3075125,-78.0
47.65431227,-122.3075107,-76.0
47.65431066,-122.3075089,-79.0
47.65430905,-122.3075071,-70.0
47.65430724,-122.3075052,-68.0
47.65430543,-122.3075034,-76.0
47.65430362,-122.3075016,-74.0
47.65430182,-122.3074998,-71.0
47.65430003,-122.307498,-71.0
47.65429643,-122.3074948,-76.0
47.65429279,-122.3074916,-78.0
47.6542892,-122.3074884,-81.0
47.65428555,-122.3074852,-89.0
47.65428217,-122.3074822,-79.0
47.65428064,-122.307481,-94.0
47.65427923,-122.30748,-82.0
47.65427783,-122.307479,-75.0
47.65427643,-122.307478,-89.0
47.65427502,-122.307477,-81.0
47.65427361,-122.3074762,-79.0
47.65427219,-122.3074754,-72.0
47.6542708,-122.3074746,-72.0
47.65426939,-122.3074738,-78.0
47.65426798,-122.307473,-76.0
47.65426372,-122.3074693,-74.0
47.6542595,-122.3074657,-80.0
47.65425112,-122.3074585,-74.0
47.65424697,-122.307455,-81.0
47.65424557,-122.3074536,-74.0
47.65424137,-122.3074494,-78.0
47.65424006,-122.3074481,-86.0
47.65423856,-122.3074468,-72.0
47.65423445,-122.3074432,-79.0
47.65423303,-122.307442,-73.0
47.65423104,-122.3074402,-85.0
47.65422902,-122.3074384,-77.0
47.654227,-122.3074366,-77.0
47.654225,-122.3074348,-77.0
47.65422298,-122.307433,-73.0
47.65422058,-122.3074312,-77.0
47.65421815,-122.3074294,-78.0
47.65421576,-122.3074276,-70.0
47.65421336,-122.3074258,-71.0
47.65421097,-122.307424,-74.0
47.65420916,-122.3074224,-77.0
47.65420734,-122.3074208,-68.0
47.65420556,-122.3074192,-71.0
47.65420372,-122.3074175,-70.0
47.65420205,-122.307416,-71.0
47.65419965,-122.3074144,-67.0
47.65419725,-122.3074128,-70.0
47.65419483,-122.3074112,-88.0
47.65419243,-122.3074096,-76.0
47.65419003,-122.307408,-74.0
47.65418701,-122.3074064,-71.0
47.65418399,-122.3074048,-71.0
47.65418099,-122.3074032,-70.0
47.65417797,-122.3074016,-66.0
47.654175,-122.3074,-67.0
47.65417178,-122.3073984,-68.0
47.65416857,-122.3073968,-69.0
47.65416538,-122.3073952,-68.0
47.65416218,-122.3073936,-69.0
47.65415899,-122.307392,-67.0
47.65415638,-122.3073908,-70.0
47.65415376,-122.3073896,-68.0
47.65415115,-122.3073884,-69.0
47.65414855,-122.3073872,-89.0
47.65414593,-122.3073859,-74.0
47.65414391,-122.3073843,-86.0
47.6541419,-122.3073827,-72.0
47.6541399,-122.3073811,-70.0
47.65413432,-122.3073765,-73.0
47.65412962,-122.3073724,-79.0
47.65412561,-122.3073698,-83.0
47.6541232,-122.3073686,-78.0
47.6541208,-122.3073674,-79.0
47.65411838,-122.3073662,-78.0
47.65411595,-122.307365,-76.0
47.65411271,-122.3073621,-83.0
47.65410951,-122.3073593,-71.0
47.65410631,-122.3073565,-75.0
47.6541031,-122.3073537,-75.0
47.65409996,-122.307351,-69.0
47.65409835,-122.3073498,-72.0
47.65409674,-122.3073486,-77.0
47.65409512,-122.3073473,-73.0
47.65409352,-122.3073461,-73.0
47.65409191,-122.3073449,-75.0
47.65409029,-122.3073439,-74.0
47.6540887,-122.3073429,-74.0
47.65408709,-122.3073419,-78.0
47.65408551,-122.3073409,-74.0
47.65408376,-122.3073398,-80.0
47.65407995,-122.3073372,-79.0
47.65407259,-122.3073322,-81.0
47.65406873,-122.3073296,-77.0
47.65406498,-122.307327,-74.0
47.65406338,-122.307326,-75.0
47.65406177,-122.307325,-74.0
47.65406016,-122.307324,-84.0
47.65405853,-122.307323,-79.0
47.65405691,-122.3073219,-92.0
47.65405532,-122.3073209,-89.0
47.6540537,-122.3073199,-79.0
47.6540521,-122.3073189,-81.0
47.65405048,-122.3073179,-80.0
47.65404492,-122.3073151,-77.0
47.65403729,-122.3073115,-76.0
47.65403348,-122.3073096,-84.0
47.65402625,-122.3073059,-77.0
47.65402265,-122.3073039,-78.0
47.65401916,-122.307302,-85.0
47.65401736,-122.307301,-74.0
47.65401555,-122.3073,-74.0
47.65401375,-122.307299,-77.0
47.65401187,-122.3072978,-75.0
47.65400804,-122.307293,-74.0
47.65400421,-122.3072882,-75.0
47.65400043,-122.3072834,-74.0
47.65399661,-122.3072786,-82.0
47.65399294,-122.3072738,-74.0
47.65399172,-122.3072704,-93.0
47.65399051,-122.3072669,-71.0
47.6539893,-122.3072635,-77.0
47.65398808,-122.3072601,-73.0
47.65398556,-122.3072535,-76.0
47.65398414,-122.3072501,-82.0
47.65398274,-122.3072466,-71.0
47.65398133,-122.3072432,-76.0
47.65398,-122.3072397,-79.0
47.65398,-122.3072355,-72.0
47.65398,-122.3072312,-71.0
47.65398002,-122.3072189,-81.0
47.65398063,-122.3072154,-81.0
47.65398124,-122.307212,-77.0
47.65398184,-122.3072086,-82.0
47.65398244,-122.3072051,-76.0
47.65398313,-122.3072018,-73.0
47.65398475,-122.3071994,-75.0
47.65398634,-122.307197,-73.0
47.65398794,-122.3071946,-73.0
47.65398957,-122.3071922,-85.0
47.65399113,-122.3071898,-74.0
47.65399353,-122.3071871,-70.0
47.6539971,-122.3071827,-75.0
47.65400152,-122.3071711,-74.0
47.65400374,-122.3071652,-75.0
47.65400596,-122.3071594,-69.0
47.65400806,-122.3071538,-70.0
47.65400887,-122.3071516,-73.0
47.65400968,-122.3071494,-69.0
47.65401129,-122.307145,-78.0
47.65401209,-122.3071427,-74.0
47.65401288,-122.3071403,-72.0
47.65401368,-122.3071379,-69.0
47.65401448,-122.3071356,-70.0
47.65401529,-122.3071331,-77.0
47.65401612,-122.3071306,-73.0
47.65401806,-122.307124,-69.0
47.65401907,-122.3071206,-66.0
47.65402007,-122.3071172,-66.0
47.65402109,-122.3071137,-66.0
47.6540223,-122.3071097,-64.0
47.65402351,-122.3071056,-64.0
47.65402472,-122.3071016,-62.0
47.65402592,-122.3070976,-62.0
47.65402706,-122.3070937,-63.0
47.65402766,-122.3070905,-63.0
47.65402826,-122.3070873,-61.0
47.65402886,-122.3070841,-62.0
47.65402946,-122.3070809,-67.0
47.65403015,-122.3070776,-65.0
47.65403156,-122.307074,-64.0
47.65403296,-122.3070704,-64.0
47.65403437,-122.3070668,-62.0
47.65403703,-122.3070598,-64.0
47.65403743,-122.307057,-62.0
47.65403863,-122.3070486,-71.0
47.65403902,-122.3070457,-69.0
47.65403922,-122.3070425,-68.0
47.65403942,-122.3070393,-67.0
47.65403962,-122.307036,-67.0
47.65403982,-122.3070328,-74.0
47.65404011,-122.3070296,-68.0
47.65404166,-122.3070234,-70.0
47.65404247,-122.3070201,-69.0
47.65404328,-122.3070169,-73.0
47.65404413,-122.3070137,-78.0
47.65404535,-122.3070106,-81.0
47.65404656,-122.3070076,-72.0
47.65404777,-122.3070046,-75.0
47.6540501,-122.3069988,-76.0
47.65405132,-122.3069966,-68.0
47.65405253,-122.3069944,-66.0
47.65405374,-122.3069921,-74.0
47.65405495,-122.3069899,-71.0
47.65405608,-122.3069875,-71.0
47.65405845,-122.3069741,-82.0
47.65405913,-122.3069707,-74.0
47.65406054,-122.3069679,-76.0
47.65406197,-122.3069651,-73.0
47.65406335,-122.3069623,-83.0
47.65406476,-122.3069595,-76.0
47.65406614,-122.3069565,-72.0
47.654103,-122.3068199,-71.0
47.654103,-122.3068174,-69.0
47.654103,-122.3068148,-82.0
47.654103,-122.3068122,-73.0
47.65410309,-122.3068093,-75.0
47.65410369,-122.3068049,-84.0
47.65410429,-122.3068005,-75.0
47.6541049,-122.3067961,-77.0
47.6541055,-122.3067917,-84.0
47.654106,-122.3067877,-67.0
47.654106,-122.306786,-73.0
47.654106,-122.3067843,-75.0
47.654106,-122.3067826,-76.0
47.654106,-122.3067809,-79.0
47.654106,-122.3067792,-73.0
47.654106,-122.3067775,-70.0
47.654106,-122.3067758,-74.0
47.654106,-122.3067741,-70.0
47.654106,-122.3067724,-69.0
47.65410614,-122.3067701,-68.0
47.65410695,-122.3067651,-77.0
47.65410774,-122.3067601,-82.0
47.65410855,-122.3067551,-73.0
47.65410935,-122.30675,-69.0
47.65410992,-122.3067456,-71.0
47.65410872,-122.3067402,-71.0
47.65410832,-122.3067384,-88.0
47.65410777,-122.3067371,-69.0
47.65410616,-122.3067375,-70.0
47.65410454,-122.3067379,-83.0
47.65410291,-122.3067383,-85.0
47.65410131,-122.3067387,-78.0
47.65409992,-122.3067391,-75.0
47.65409952,-122.3067395,-70.0
47.65409912,-122.3067399,-91.0
47.65409872,-122.3067403,-83.0
47.65409752,-122.3067411,-73.0
47.6540941,-122.3067421,-76.0
47.6540907,-122.3067431,-75.0
47.65408389,-122.3067451,-69.0
47.65408044,-122.3067462,-69.0
47.65407663,-122.3067478,-70.0
47.6540728,-122.3067495,-69.0
47.65406896,-122.3067511,-70.0
47.65406513,-122.3067527,-87.0
47.6540617,-122.3067542,-73.0
47.65405987,-122.3067552,-68.0
47.65405806,-122.3067562,-69.0
47.65405624,-122.3067572,-79.0
47.65405444,-122.3067582,-72.0
47.65405268,-122.3067592,-67.0
47.65405106,-122.3067602,-70.0
47.65404946,-122.3067612,-70.0
47.65404785,-122.3067622,-76.0
47.65404471,-122.3067643,-74.0
47.65404291,-122.3067666,-72.0
47.65404112,-122.3067687,-69.0
47.65403931,-122.306771,-69.0
47.65403748,-122.3067732,-78.0
47.65403563,-122.3067753,-75.0
47.65403362,-122.3067771,-64.0
47.65403162,-122.3067789,-67.0
47.65402963,-122.3067807,-74.0
47.65402761,-122.3067826,-74.0
47.65402559,-122.3067844,-65.0
47.65402359,-122.3067862,-71.0
47.65402161,-122.306788,-70.0
47.65401962,-122.3067897,-70.0
47.65401761,-122.3067916,-76.0
47.65401558,-122.3067932,-65.0
47.65401336,-122.3067942,-72.0
47.65401115,-122.3067952,-77.0
47.65400892,-122.3067962,-76.0
47.65400671,-122.3067972,-68.0
47.65400477,-122.306798,-73.0
47.65400283,-122.306798,-70.0
47.65400083,-122.306798,-66.0
47.65399961,-122.3067981,-65.0
47.65399739,-122.3067989,-67.0
47.65399519,-122.3067998,-74.0
47.65399298,-122.3068006,-68.0
47.65399076,-122.3068014,-70.0
47.65398817,-122.3068021,-61.0
47.65398411,-122.3068025,-63.0
47.6539723,-122.3068037,-60.0
47.65396871,-122.306804,-60.0
47.65396709,-122.3068042,-64.0
47.65396547,-122.3068044,-66.0
47.65396385,-122.3068046,-61.0
47.65396223,-122.3068048,-60.0
47.65396057,-122.306805,-59.0
47.65395707,-122.306805,-63.0
47.65395527,-122.306805,-62.0
47.65395346,-122.306805,-62.0
47.65395162,-122.3068054,-60.0
47.65394958,-122.3068077,-62.0
47.65394759,-122.3068098,-65.0
47.65394558,-122.3068121,-60.0
47.65394358,-122.3068143,-68.0
47.6539414,-122.3068166,-61.0
47.65393858,-122.3068192,-69.0
47.65393576,-122.3068218,-64.0
47.65393295,-122.3068244,-64.0
47.6539301,-122.3068271,-66.0
47.65392739,-122.3068297,-67.0
47.65392417,-122.3068331,-67.0
47.65392094,-122.3068365,-68.0
47.65391773,-122.3068399,-70.0
47.6539145,-122.3068433,-65.0
47.65391158,-122.3068463,-63.0
47.65390976,-122.3068475,-63.0
47.65390623,-122.3068498,-68.0
47.65390441,-122.3068511,-62.0
47.65390265,-122.3068523,-65.0
47.65390104,-122.3068537,-70.0
47.65389942,-122.3068551,-64.0
47.6538978,-122.3068566,-63.0
47.65389618,-122.306858,-71.0
47.65389453,-122.3068594,-70.0
47.65389211,-122.3068612,-73.0
47.65388969,-122.306863,-75.0
47.65388728,-122.3068648,-67.0
47.65388481,-122.3068666,-72.0
47.65388228,-122.3068686,-73.0
47.65387402,-122.3068751,-66.0
47.65387119,-122.3068773,-71.0
47.65386801,-122.3068796,-73.0
47.65386356,-122.3068825,-68.0
47.6538591,-122.3068853,-61.0
47.65385466,-122.3068881,-60.0
47.65384668,-122.3068933,-58.0
47.65384507,-122.3068949,-59.0
47.65384346,-122.3068965,-60.0
47.65384184,-122.3068982,-60.0
47.65384024,-122.3068998,-60.0
47.65383864,-122.3069013,-58.0
47.65383703,-122.3069027,-57.0
47.6538354,-122.3069041,-58.0
47.6538338,-122.3069055,-58.0
47.65383218,-122.306907,-57.0
47.65383017,-122.3069086,-55.0
47.65382735,-122.3069107,-58.0
47.65382436,-122.3069129,-57.0
47.65382131,-122.3069151,-57.0
47.65381829,-122.3069173,-53.0
47.65381545,-122.3069196,-55.0
47.65381322,-122.3069223,-53.0
47.65381099,-122.3069249,-56.0
47.65380878,-122.3069275,-55.0
47.65380671,-122.30693,-57.0
47.65380435,-122.3069325,-56.0
47.65380153,-122.3069345,-57.0
47.65379874,-122.3069365,-58.0
47.65379592,-122.3069385,-58.0
47.65379307,-122.3069405,-58.0
47.65379049,-122.3069428,-60.0
47.65378881,-122.3069457,-62.0
47.653787,-122.3069487,-67.0
47.6537744,-122.306965,-59.0
47.65377094,-122.3069687,-57.0
47.65376753,-122.3069723,-57.0
47.65376462,-122.3069753,-59.0
47.65376321,-122.3069765,-61.0
47.6537618,-122.3069777,-59.0
47.65375907,-122.3069801,-60.0
47.65375759,-122.3069813,-60.0
47.65375598,-122.3069825,-63.0
47.65375439,-122.3069837,-64.0
47.65375278,-122.3069849,-63.0
47.65375116,-122.3069861,-74.0
47.65374942,-122.3069875,-67.0
47.65374552,-122.3069906,-66.0
47.65374351,-122.3069922,-63.0
47.65374147,-122.3069938,-64.0
47.65373951,-122.3069949,-61.0
47.65373769,-122.3069945,-62.0
47.65373589,-122.3069941,-60.0
47.65373407,-122.3069937,-59.0
47.65373237,-122.3069933,-62.0
47.65372976,-122.3069918,-69.0
47.65372876,-122.3069908,-62.0
47.65372776,-122.3069898,-58.0
47.6537266,-122.3069882,-72.0
47.65372899,-122.3069892,-62.0
47.6537338,-122.3069913,-65.0
47.65373622,-122.3069923,-75.0
47.6537382,-122.3069933,-68.0
47.65373901,-122.3069943,-66.0
47.65373982,-122.3069953,-69.0
47.65374062,-122.3069963,-65.0
47.65374142,-122.3069973,-67.0
47.65374121,-122.3069989,-68.0
47.6537382,-122.3070023,-67.0
47.65373521,-122.3070057,-66.0
47.65373216,-122.3070092,-72.0
47.65372912,-122.3070126,-72.0
47.65372618,-122.3070156,-72.0
47.65372337,-122.3070176,-68.0
47.65372053,-122.3070196,-65.0
47.65371508,-122.3070235,-69.0
47.65371226,-122.3070257,-69.0
47.65370944,-122.3070283,-72.0
47.65370661,-122.3070309,-74.0
47.65370379,-122.3070336,-81.0
47.65370096,-122.3070362,-71.0
47.65369851,-122.3070387,-75.0
47.65369691,-122.3070409,-73.0
47.65369531,-122.3070431,-72.0
47.65369369,-122.3070453,-71.0
47.65369209,-122.3070475,-77.0
47.6536901,-122.3070498,-74.0
47.6536873,-122.3070524,-72.0
47.65368185,-122.3070575,-70.0
47.65367902,-122.3070601,-76.0
47.6536761,-122.3070634,-76.0
47.65367289,-122.3070684,-79.0
47.65366965,-122.3070735,-78.0
47.65366643,-122.3070785,-76.0
47.6536632,-122.3070836,-74.0
47.65366054,-122.3070878,-87.0
47.65365914,-122.3070902,-84.0
47.65365774,-122.3070926,-77.0
47.65365362,-122.3070997,-73.0
47.6536522,-122.3071021,-86.0
47.65365079,-122.3071045,-80.0
47.65364939,-122.3071069,-81.0
47.65364797,-122.3071093,-77.0
47.65364614,-122.3071119,-73.0
47.65364335,-122.3071147,-72.0
47.65364055,-122.3071175,-77.0
47.65363772,-122.3071203,-77.0
47.6536349,-122.3071231,-77.0
47.6536318,-122.3071257,-75.0
47.6536284,-122.3071276,-82.0
47.65362475,-122.3071296,-79.0
47.65362114,-122.3071316,-81.0
47.65361749,-122.3071336,-77.0
47.65361404,-122.3071364,-78.0
47.65361105,-122.3071408,-78.0
47.65360801,-122.3071452,-79.0
47.65360496,-122.3071497,-79.0
47.65359845,-122.3071596,-78.0
47.65359723,-122.3071616,-81.0
47.65359603,-122.3071636,-77.0
47.65359483,-122.3071656,-78.0
47.65359368,-122.3071677,-77.0
47.65359267,-122.3071699,-83.0
47.65359168,-122.3071721,-81.0
47.65359068,-122.3071743,-76.0
47.65358967,-122.3071765,-78.0
47.65358825,-122.3071796,-76.0
47.65358604,-122.3071845,-79.0
47.65358174,-122.3071938,-77.0
47.65357954,-122.3071986,-78.0
47.6535777,-122.3072027,-80.0
47.65357669,-122.3072049,-77.0
47.65357568,-122.3072071,-80.0
47.65357468,-122.3072093,-80.0
47.65357368,-122.3072115,-79.0
47.65357267,-122.3072138,-77.0
47.65357166,-122.3072162,-88.0
47.65357065,-122.3072186,-84.0
47.65356965,-122.307221,-82.0
47.65356864,-122.3072235,-87.0
47.65356714,-122.3072264,-80.0
47.6535643,-122.3072311,-83.0
47.65356148,-122.3072357,-82.0
47.65355869,-122.3072403,-85.0
47.65355585,-122.307245,-83.0
47.65355372,-122.3072487,-83.0
47.6535529,-122.3072507,-85.0
47.65355216,-122.3072526,-89.0
47.65355134,-122.3072546,-90.0
47.65355054,-122.3072567,-86.0
47.65354973,-122.3072586,-83.0
47.65354893,-122.3072604,-85.0
47.65354812,-122.3072622,-92.0
47.65354732,-122.307264,-90.0
47.65354652,-122.3072658,-85.0
47.65354527,-122.3072687,-84.0
47.65354137,-122.3072777,-82.0
47.65353937,-122.3072823,-92.0
47.65353735,-122.3072869,-83.0
47.65353574,-122.3072909,-77.0
47.65353494,-122.3072934,-84.0
47.65353414,-122.3072961,-78.0
47.65353333,-122.3072987,-83.0
47.65353252,-122.3073013,-85.0
47.65353173,-122.3073039,-85.0
47.65353093,-122.3073065,-80.0
47.65353013,-122.3073091,-85.0
47.65352934,-122.3073116,-82.0
47.65352854,-122.3073142,-86.0
47.65352749,-122.3073179,-82.0
47.65352269,-122.3073359,-82.0
47.65351974,-122.3073468,-80.0
47.65351894,-122.3073492,-91.0
47.65351812,-122.3073516,-81.0
47.65351732,-122.307354,-82.0
47.65351652,-122.3073564,-82.0
47.65351572,-122.3073589,-80.0
47.65351492,-122.3073615,-80.0
47.65351411,-122.3073641,-84.0
47.6535133,-122.3073668,-79.0
47.6535125,-122.3073694,-85.0
47.65351122,-122.3073731,-83.0
47.65350534,-122.307389,-83.0
47.65350179,-122.3073988,-76.0
47.65350119,-122.307401,-75.0
47.65350059,-122.3074032,-75.0
47.65349999,-122.3074054,-76.0
47.65349939,-122.3074076,-79.0
47.65349878,-122.3074099,-78.0
47.65349818,-122.3074123,-73.0
47.65349758,-122.3074147,-76.0
47.65349697,-122.3074171,-77.0
47.65349636,-122.3074195,-76.0
47.65349519,-122.3074235,-77.0
47.65349333,-122.3074293,-75.0
47.65349129,-122.3074356,-77.0
47.6534893,-122.3074418,-74.0
47.65348727,-122.307448,-77.0
47.65348578,-122.307453,-75.0
47.65348517,-122.3074556,-76.0
47.65348457,-122.3074582,-77.0
47.65348396,-122.3074608,-76.0
47.65348335,-122.3074635,-78.0
47.65348099,-122.3074737,-77.0
47.65348039,-122.3074763,-76.0
47.65347958,-122.307479,-79.0
47.65347837,-122.3074818,-76.0
47.65347716,-122.3074846,-74.0
47.65347595,-122.3074874,-76.0
47.65347474,-122.3074903,-79.0
47.65347346,-122.3074932,-77.0
47.65347205,-122.3074965,-77.0
47.65347065,-122.3074997,-75.0
47.65346924,-122.3075029,-76.0
47.65346782,-122.3075061,-78.0
47.65346565,-122.3075123,-78.0
47.65346464,-122.3075155,-78.0
47.65346364,-122.3075187,-79.0
47.65346264,-122.3075219,-78.0
47.65346122,-122.3075258,-80.0
47.65345898,-122.3075311,-79.0
47.65345677,-122.3075364,-80.0
47.65345455,-122.3075416,-77.0
47.65345233,-122.3075469,-79.0
47.65345067,-122.3075509,-77.0
47.65344987,-122.3075531,-78.0
47.6534475,-122.3075596,-79.0
47.65344663,-122.3075618,-77.0
47.65344562,-122.307564,-80.0
47.65344462,-122.3075662,-79.0
47.65344361,-122.3075685,-79.0
47.6534426,-122.3075707,-77.0
47.65344112,-122.3075742,-84.0
47.6534389,-122.3075796,-81.0
47.65343668,-122.3075851,-81.0
47.65343448,-122.3075905,-86.0
47.65343226,-122.3075959,-78.0
47.65343075,-122.3075999,-85.0
47.65343014,-122.3076021,-88.0
47.65342954,-122.3076043,-97.0
47.65342837,-122.3076086,-86.0
47.65342771,-122.3076108,-84.0
47.65342611,-122.3076152,-92.0
47.65342525,-122.3076176,-92.0
47.65342356,-122.3076224,-89.0
47.65342257,-122.3076256,-90.0
47.65342157,-122.3076288,-88.0
47.65341956,-122.3076352,-98.0
47.65341134,-122.307654,-82.0
47.65341014,-122.3076562,-82.0
47.65340893,-122.3076585,-83.0
47.65340772,-122.3076607,-81.0
47.65340635,-122.3076643,-83.0
47.65340475,-122.3076699,-87.0
47.65340312,-122.3076756,-82.0
47.65340153,-122.3076812,-81.0
47.65339992,-122.3076868,-81.0
47.65339874,-122.3076909,-84.0
47.65339814,-122.3076932,-83.0
47.65339754,-122.3076954,-84.0
47.65339694,-122.3076975,-82.0
47.65339634,-122.3076998,-80.0
47.65339574,-122.3077019,-83.0
47.65339514,-122.3077039,-81.0
47.65339454,-122.3077059,-82.0
47.65339393,-122.3077079,-82.0
47.65339333,-122.3077099,-81.0
47.65339209,-122.3077135,-82.0
47.65338621,-122.3077293,-83.0
47.6533842,-122.3077348,-85.0
47.65338259,-122.3077388,-80.0
47.65338158,-122.3077408,-83.0
47.65338058,-122.3077428,-84.0
47.65337958,-122.3077448,-79.0
47.65337858,-122.3077468,-81.0
47.65337757,-122.3077489,-88.0
47.65337658,-122.3077508,-87.0
47.65337558,-122.3077528,-94.0
47.65337458,-122.3077548,-83.0
47.65337358,-122.3077568,-82.0
47.6533725,-122.3077592,-89.0
47.65337131,-122.3077619,-80.0
47.6533701,-122.3077648,-88.0
47.6533689,-122.3077676,-84.0
47.65336769,-122.3077704,-83.0
47.6533664,-122.3077732,-98.0
47.653365,-122.307776,-85.0
47.65336359,-122.3077788,-82.0
47.6533622,-122.3077816,-86.0
47.6533608,-122.3077844,-80.0
47.65335965,-122.3077872,-79.0
47.65335884,-122.3077898,-80.0
47.65335804,-122.3077924,-80.0
47.65335724,-122.307795,-81.0
47.65335643,-122.3077976,-81.0
47.65335582,-122.3077996,-82.0
47.65335541,-122.3078011,-82.0
47.65335464,-122.3078038,-82.0
