location_id,sample_index,latitude,longitude,frequency_hz,rssi_dbm
1,1,47.6538440,-122.3065120,902062500,-60.5
1,2,47.6538440,-122.3065120,903000000,-67.0
1,3,47.6538440,-122.3065120,904000000,-60.5
1,4,47.6538440,-122.3065120,905000000,-62.0
1,5,47.6538440,-122.3065120,906000000,-64.5
1,6,47.6538440,-122.3065120,907000000,-58.0
1,7,47.6538440,-122.3065120,908000000,-60.0
1,8,47.6538440,-122.3065120,909000000,-60.5
1,9,47.6538440,-122.3065120,910000000,-58.0
1,10,47.6538440,-122.3065120,911000000,-60.0
1,11,47.6538440,-122.3065120,912000000,-61.0
1,12,47.6538440,-122.3065120,913000000,-72.5
1,13,47.6538440,-122.3065120,914000000,-68.5
1,14,47.6538440,-122.3065120,915000000,-61.5
1,15,47.6538440,-122.3065120,916000000,-63.5
1,16,47.6538440,-122.3065120,917000000,-62.5
1,17,47.6538440,-122.3065120,918000000,-60.5
1,18,47.6538440,-122.3065120,919000000,-62.0
1,19,47.6538440,-122.3065120,920000000,-62.0
1,20,47.6538440,-122.3065120,921000000,-63.0
1,21,47.6538440,-122.3065120,922000000,-63.0
1,22,47.6538440,-122.3065120,923000000,-63.0
1,23,47.6538440,-122.3065120,924000000,-69.0
1,24,47.6538440,-122.3065120,925000000,-68.0
1,25,47.6538440,-122.3065120,926000000,-77.0
1,26,47.6538440,-122.3065120,927000000,-70.0
1,27,47.6538440,-122.3065120,927937500,-66.0
2,1,47.6539080,-122.3065470,902062500,-60.5
2,2,47.6539080,-122.3065470,903000000,-59.0
2,3,47.6539080,-122.3065470,904000000,-63.0
2,4,47.6539080,-122.3065470,905000000,-60.0
2,5,47.6539080,-122.3065470,906000000,-63.0
2,6,47.6539080,-122.3065470,907000000,-63.0
2,7,47.6539080,-122.3065470,908000000,-67.5
2,8,47.6539080,-122.3065470,909000000,-67.5
2,9,47.6539080,-122.3065470,910000000,-64.0
2,10,47.6539080,-122.3065470,911000000,-62.0
2,11,47.6539080,-122.3065470,912000000,-63.0
2,12,47.6539080,-122.3065470,913000000,-62.5
2,13,47.6539080,-122.3065470,914000000,-64.0
2,14,47.6539080,-122.3065470,915000000,-64.0
2,15,47.6539080,-122.3065470,916000000,-65.0
2,16,47.6539080,-122.3065470,917000000,-71.5
2,17,47.6539080,-122.3065470,918000000,-75.0
2,18,47.6539080,-122.3065470,919000000,-68.0
2,19,47.6539080,-122.3065470,920000000,-69.0
2,20,47.6539080,-122.3065470,921000000,-66.0
2,21,47.6539080,-122.3065470,922000000,-68.0
2,22,47.6539080,-122.3065470,923000000,-68.0
2,23,47.6539080,-122.3065470,924000000,-64.0
2,24,47.6539080,-122.3065470,925000000,-65.0
2,25,47.6539080,-122.3065470,926000000,-60.5
2,26,47.6539080,-122.3065470,927000000,-64.0
2,27,47.6539080,-122.3065470,927937500,-67.0
3,1,47.6539690,-122.3065810,902062500,-60.5
3,2,47.6539690,-122.3065810,903000000,-64.0
3,3,47.6539690,-122.3065810,904000000,-62.5
3,4,47.6539690,-122.3065810,905000000,-64.5
3,5,47.6539690,-122.3065810,906000000,-64.0
3,6,47.6539690,-122.3065810,907000000,-60.5
3,7,47.6539690,-122.3065810,908000000,-68.0
3,8,47.6539690,-122.3065810,909000000,-71.0
3,9,47.6539690,-122.3065810,910000000,-69.0
3,10,47.6539690,-122.3065810,911000000,-67.0
3,11,47.6539690,-122.3065810,912000000,-64.5
3,12,47.6539690,-122.3065810,913000000,-63.5
3,13,47.6539690,-122.3065810,914000000,-61.5
3,14,47.6539690,-122.3065810,915000000,-63.0
3,15,47.6539690,-122.3065810,916000000,-65.5
3,16,47.6539690,-122.3065810,917000000,-66.0
3,17,47.6539690,-122.3065810,918000000,-70.0
3,18,47.6539690,-122.3065810,919000000,-72.0
3,19,47.6539690,-122.3065810,920000000,-74.5
3,20,47.6539690,-122.3065810,921000000,-78.5
3,21,47.6539690,-122.3065810,922000000,-78.0
3,22,47.6539690,-122.3065810,923000000,-71.0
3,23,47.6539690,-122.3065810,924000000,-82.0
3,24,47.6539690,-122.3065810,925000000,-76.5
3,25,47.6539690,-122.3065810,926000000,-81.5
3,26,47.6539690,-122.3065810,927000000,-70.5
3,27,47.6539690,-122.3065810,927937500,-77.0
4,1,47.6542460,-122.3067710,902062500,-69.5
4,2,47.6542460,-122.3067710,903000000,-68.0
4,3,47.6542460,-122.3067710,904000000,-86.0
4,4,47.6542460,-122.3067710,905000000,-78.5
4,5,47.6542460,-122.3067710,906000000,-68.0
4,6,47.6542460,-122.3067710,907000000,-71.0
4,7,47.6542460,-122.3067710,908000000,-71.5
4,8,47.6542460,-122.3067710,909000000,-68.0
4,9,47.6542460,-122.3067710,910000000,-67.0
4,10,47.6542460,-122.3067710,911000000,-72.5
4,11,47.6542460,-122.3067710,912000000,-70.0
4,12,47.6542460,-122.3067710,913000000,-67.0
4,13,47.6542460,-122.3067710,914000000,-56.5
4,14,47.6542460,-122.3067710,915000000,-65.0
4,15,47.6542460,-122.3067710,916000000,-69.0
4,16,47.6542460,-122.3067710,917000000,-64.0
4,17,47.6542460,-122.3067710,918000000,-63.0
4,18,47.6542460,-122.3067710,919000000,-64.0
4,19,47.6542460,-122.3067710,920000000,-65.5
4,20,47.6542460,-122.3067710,921000000,-73.0
4,21,47.6542460,-122.3067710,922000000,-71.5
4,22,47.6542460,-122.3067710,923000000,-78.5
4,23,47.6542460,-122.3067710,924000000,-69.0
4,24,47.6542460,-122.3067710,925000000,-80.5
4,25,47.6542460,-122.3067710,926000000,-78.0
4,26,47.6542460,-122.3067710,927000000,-76.0
4,27,47.6542460,-122.3067710,927937500,-69.5
5,1,47.6543030,-122.3067650,902062500,-57.5
5,2,47.6543030,-122.3067650,903000000,-55.5
5,3,47.6543030,-122.3067650,904000000,-57.0
5,4,47.6543030,-122.3067650,905000000,-58.0
5,5,47.6543030,-122.3067650,906000000,-58.5
5,6,47.6543030,-122.3067650,907000000,-58.0
5,7,47.6543030,-122.3067650,908000000,-58.0
5,8,47.6543030,-122.3067650,909000000,-60.5
5,9,47.6543030,-122.3067650,910000000,-64.0
5,10,47.6543030,-122.3067650,911000000,-64.0
5,11,47.6543030,-122.3067650,912000000,-64.0
5,12,47.6543030,-122.3067650,913000000,-61.0
5,13,47.6543030,-122.3067650,914000000,-59.0
5,14,47.6543030,-122.3067650,915000000,-57.5
5,15,47.6543030,-122.3067650,916000000,-56.5
5,16,47.6543030,-122.3067650,917000000,-60.5
5,17,47.6543030,-122.3067650,918000000,-60.0
5,18,47.6543030,-122.3067650,919000000,-60.0
5,19,47.6543030,-122.3067650,920000000,-63.5
5,20,47.6543030,-122.3067650,921000000,-60.0
5,21,47.6543030,-122.3067650,922000000,-60.0
5,22,47.6543030,-122.3067650,923000000,-57.0
5,23,47.6543030,-122.3067650,924000000,-58.0
5,24,47.6543030,-122.3067650,925000000,-58.0
5,25,47.6543030,-122.3067650,926000000,-63.0
5,26,47.6543030,-122.3067650,927000000,-61.0
5,27,47.6543030,-122.3067650,927937500,-69.5
6,1,47.6545085,-122.3069669,902062500,-58.5
6,2,47.6545085,-122.3069669,903000000,-61.0
6,3,47.6545085,-122.3069669,904000000,-73.0
6,4,47.6545085,-122.3069669,905000000,-59.0
6,5,47.6545085,-122.3069669,906000000,-60.5
6,6,47.6545085,-122.3069669,907000000,-60.0
6,7,47.6545085,-122.3069669,908000000,-65.5
6,8,47.6545085,-122.3069669,909000000,-68.5
6,9,47.6545085,-122.3069669,910000000,-76.5
6,10,47.6545085,-122.3069669,911000000,-68.0
6,11,47.6545085,-122.3069669,912000000,-63.0
6,12,47.6545085,-122.3069669,913000000,-63.0
6,13,47.6545085,-122.3069669,914000000,-61.0
6,14,47.6545085,-122.3069669,915000000,-63.0
6,15,47.6545085,-122.3069669,916000000,-60.0
6,16,47.6545085,-122.3069669,917000000,-59.0
6,17,47.6545085,-122.3069669,918000000,-59.0
6,18,47.6545085,-122.3069669,919000000,-60.0
6,19,47.6545085,-122.3069669,920000000,-57.0
6,20,47.6545085,-122.3069669,921000000,-56.0
6,21,47.6545085,-122.3069669,922000000,-57.0
6,22,47.6545085,-122.3069669,923000000,-59.5
6,23,47.6545085,-122.3069669,924000000,-58.0
6,24,47.6545085,-122.3069669,925000000,-56.0
6,25,47.6545085,-122.3069669,926000000,-60.0
6,26,47.6545085,-122.3069669,927000000,-61.0
6,27,47.6545085,-122.3069669,927937500,-60.0
7,1,47.6545824,-122.3069897,902062500,-57.0
7,2,47.6545824,-122.3069897,903000000,-55.5
7,3,47.6545824,-122.3069897,904000000,-55.0
7,4,47.6545824,-122.3069897,905000000,-53.5
7,5,47.6545824,-122.3069897,906000000,-57.5
7,6,47.6545824,-122.3069897,907000000,-57.0
7,7,47.6545824,-122.3069897,908000000,-55.5
7,8,47.6545824,-122.3069897,909000000,-53.0
7,9,47.6545824,-122.3069897,910000000,-54.5
7,10,47.6545824,-122.3069897,911000000,-56.0
7,11,47.6545824,-122.3069897,912000000,-56.5
7,12,47.6545824,-122.3069897,913000000,-56.0
7,13,47.6545824,-122.3069897,914000000,-57.5
7,14,47.6545824,-122.3069897,915000000,-61.0
7,15,47.6545824,-122.3069897,916000000,-58.5
7,16,47.6545824,-122.3069897,917000000,-64.0
7,17,47.6545824,-122.3069897,918000000,-58.0
7,18,47.6545824,-122.3069897,919000000,-55.0
7,19,47.6545824,-122.3069897,920000000,-56.0
7,20,47.6545824,-122.3069897,921000000,-56.0
7,21,47.6545824,-122.3069897,922000000,-58.5
7,22,47.6545824,-122.3069897,923000000,-58.0
7,23,47.6545824,-122.3069897,924000000,-56.0
7,24,47.6545824,-122.3069897,925000000,-54.0
7,25,47.6545824,-122.3069897,926000000,-54.5
7,26,47.6545824,-122.3069897,927000000,-55.0
7,27,47.6545824,-122.3069897,927937500,-53.0
8,1,47.6544210,-122.3072553,902062500,-66.5
8,2,47.6544210,-122.3072553,903000000,-64.0
8,3,47.6544210,-122.3072553,904000000,-67.0
8,4,47.6544210,-122.3072553,905000000,-80.5
8,5,47.6544210,-122.3072553,906000000,-65.0
8,6,47.6544210,-122.3072553,907000000,-68.5
8,7,47.6544210,-122.3072553,908000000,-65.5
8,8,47.6544210,-122.3072553,909000000,-66.0
8,9,47.6544210,-122.3072553,910000000,-68.0
8,10,47.6544210,-122.3072553,911000000,-67.5
8,11,47.6544210,-122.3072553,912000000,-60.5
8,12,47.6544210,-122.3072553,913000000,-65.0
8,13,47.6544210,-122.3072553,914000000,-63.0
8,14,47.6544210,-122.3072553,915000000,-71.0
8,15,47.6544210,-122.3072553,916000000,-70.5
8,16,47.6544210,-122.3072553,917000000,-68.0
8,17,47.6544210,-122.3072553,918000000,-71.5
8,18,47.6544210,-122.3072553,919000000,-64.0
8,19,47.6544210,-122.3072553,920000000,-70.0
8,20,47.6544210,-122.3072553,921000000,-63.0
8,21,47.6544210,-122.3072553,922000000,-83.5
8,22,47.6544210,-122.3072553,923000000,-71.5
8,23,47.6544210,-122.3072553,924000000,-75.0
8,24,47.6544210,-122.3072553,925000000,-77.0
8,25,47.6544210,-122.3072553,926000000,-76.5
8,26,47.6544210,-122.3072553,927000000,-69.0
8,27,47.6544210,-122.3072553,927937500,-62.0
9,1,47.6543376,-122.3075214,902062500,-68.5
9,2,47.6543376,-122.3075214,903000000,-79.0
9,3,47.6543376,-122.3075214,904000000,-71.0
9,4,47.6543376,-122.3075214,905000000,-68.5
9,5,47.6543376,-122.3075214,906000000,-73.5
9,6,47.6543376,-122.3075214,907000000,-65.0
9,7,47.6543376,-122.3075214,908000000,-71.5
9,8,47.6543376,-122.3075214,909000000,-69.0
9,9,47.6543376,-122.3075214,910000000,-67.0
9,10,47.6543376,-122.3075214,911000000,-66.0
9,11,47.6543376,-122.3075214,912000000,-67.0
9,12,47.6543376,-122.3075214,913000000,-75.0
9,13,47.6543376,-122.3075214,914000000,-71.0
9,14,47.6543376,-122.3075214,915000000,-76.5
9,15,47.6543376,-122.3075214,916000000,-74.0
9,16,47.6543376,-122.3075214,917000000,-69.0
9,17,47.6543376,-122.3075214,918000000,-82.0
9,18,47.6543376,-122.3075214,919000000,-73.0
9,19,47.6543376,-122.3075214,920000000,-72.0
9,20,47.6543376,-122.3075214,921000000,-71.0
9,21,47.6543376,-122.3075214,922000000,-71.0
9,22,47.6543376,-122.3075214,923000000,-68.5
9,23,47.6543376,-122.3075214,924000000,-70.5
9,24,47.6543376,-122.3075214,925000000,-67.0
9,25,47.6543376,-122.3075214,926000000,-69.0
9,26,47.6543376,-122.3075214,927000000,-76.0
9,27,47.6543376,-122.3075214,927937500,-67.0
10,1,47.6542904,-122.3072904,902062500,-65.5
10,2,47.6542904,-122.3072904,903000000,-67.0
10,3,47.6542904,-122.3072904,904000000,-58.0
10,4,47.6542904,-122.3072904,905000000,-62.5
10,5,47.6542904,-122.3072904,906000000,-65.0
10,6,47.6542904,-122.3072904,907000000,-65.0
10,7,47.6542904,-122.3072904,908000000,-67.0
10,8,47.6542904,-122.3072904,909000000,-64.5
10,9,47.6542904,-122.3072904,910000000,-64.5
10,10,47.6542904,-122.3072904,911000000,-64.5
10,11,47.6542904,-122.3072904,912000000,-63.0
10,12,47.6542904,-122.3072904,913000000,-66.0
10,13,47.6542904,-122.3072904,914000000,-62.5
10,14,47.6542904,-122.3072904,915000000,-60.0
10,15,47.6542904,-122.3072904,916000000,-64.0
10,16,47.6542904,-122.3072904,917000000,-62.0
10,17,47.6542904,-122.3072904,918000000,-69.5
10,18,47.6542904,-122.3072904,919000000,-66.0
10,19,47.6542904,-122.3072904,920000000,-70.5
10,20,47.6542904,-122.3072904,921000000,-66.0
10,21,47.6542904,-122.3072904,922000000,-68.0
10,22,47.6542904,-122.3072904,923000000,-62.5
10,23,47.6542904,-122.3072904,924000000,-75.5
10,24,47.6542904,-122.3072904,925000000,-68.5
10,25,47.6542904,-122.3072904,926000000,-66.0
10,26,47.6542904,-122.3072904,927000000,-61.5
10,27,47.6542904,-122.3072904,927937500,-68.0
11,1,47.6542520,-122.3071362,902062500,-58.5
11,2,47.6542520,-122.3071362,903000000,-60.0
11,3,47.6542520,-122.3071362,904000000,-60.5
11,4,47.6542520,-122.3071362,905000000,-60.0
11,5,47.6542520,-122.3071362,906000000,-60.0
11,6,47.6542520,-122.3071362,907000000,-58.0
11,7,47.6542520,-122.3071362,908000000,-61.0
11,8,47.6542520,-122.3071362,909000000,-63.0
11,9,47.6542520,-122.3071362,910000000,-63.5
11,10,47.6542520,-122.3071362,911000000,-61.5
11,11,47.6542520,-122.3071362,912000000,-59.5
11,12,47.6542520,-122.3071362,913000000,-62.0
11,13,47.6542520,-122.3071362,914000000,-62.0
11,14,47.6542520,-122.3071362,915000000,-60.0
11,15,47.6542520,-122.3071362,916000000,-58.0
11,16,47.6542520,-122.3071362,917000000,-60.0
11,17,47.6542520,-122.3071362,918000000,-60.0
11,18,47.6542520,-122.3071362,919000000,-61.0
11,19,47.6542520,-122.3071362,920000000,-59.5
11,20,47.6542520,-122.3071362,921000000,-60.5
11,21,47.6542520,-122.3071362,922000000,-60.5
11,22,47.6542520,-122.3071362,923000000,-61.0
11,23,47.6542520,-122.3071362,924000000,-63.0
11,24,47.6542520,-122.3071362,925000000,-57.5
11,25,47.6542520,-122.3071362,926000000,-65.5
11,26,47.6542520,-122.3071362,927000000,-64.0
11,27,47.6542520,-122.3071362,927937500,-64.5
12,1,47.6540690,-122.3069781,902062500,-67.0
12,2,47.6540690,-122.3069781,903000000,-63.5
12,3,47.6540690,-122.3069781,904000000,-62.0
12,4,47.6540690,-122.3069781,905000000,-66.5
12,5,47.6540690,-122.3069781,906000000,-61.5
12,6,47.6540690,-122.3069781,907000000,-59.5
12,7,47.6540690,-122.3069781,908000000,-74.0
12,8,47.6540690,-122.3069781,909000000,-62.0
12,9,47.6540690,-122.3069781,910000000,-60.0
12,10,47.6540690,-122.3069781,911000000,-71.5
12,11,47.6540690,-122.3069781,912000000,-60.0
12,12,47.6540690,-122.3069781,913000000,-60.5
12,13,47.6540690,-122.3069781,914000000,-70.5
12,14,47.6540690,-122.3069781,915000000,-61.0
12,15,47.6540690,-122.3069781,916000000,-58.0
12,16,47.6540690,-122.3069781,917000000,-65.0
12,17,47.6540690,-122.3069781,918000000,-61.0
12,18,47.6540690,-122.3069781,919000000,-60.0
12,19,47.6540690,-122.3069781,920000000,-65.5
12,20,47.6540690,-122.3069781,921000000,-66.0
12,21,47.6540690,-122.3069781,922000000,-65.5
12,22,47.6540690,-122.3069781,923000000,-63.0
12,23,47.6540690,-122.3069781,924000000,-68.0
12,24,47.6540690,-122.3069781,925000000,-63.0
12,25,47.6540690,-122.3069781,926000000,-65.0
12,26,47.6540690,-122.3069781,927000000,-64.5
12,27,47.6540690,-122.3069781,927937500,-70.5
13,1,47.6539706,-122.3072516,902062500,-63.5
13,2,47.6539706,-122.3072516,903000000,-72.0
13,3,47.6539706,-122.3072516,904000000,-66.5
13,4,47.6539706,-122.3072516,905000000,-64.0
13,5,47.6539706,-122.3072516,906000000,-65.5
13,6,47.6539706,-122.3072516,907000000,-69.5
13,7,47.6539706,-122.3072516,908000000,-73.0
13,8,47.6539706,-122.3072516,909000000,-65.5
13,9,47.6539706,-122.3072516,910000000,-78.5
13,10,47.6539706,-122.3072516,911000000,-71.5
13,11,47.6539706,-122.3072516,912000000,-83.0
13,12,47.6539706,-122.3072516,913000000,-68.0
13,13,47.6539706,-122.3072516,914000000,-64.0
13,14,47.6539706,-122.3072516,915000000,-62.0
13,15,47.6539706,-122.3072516,916000000,-65.0
13,16,47.6539706,-122.3072516,917000000,-65.0
13,17,47.6539706,-122.3072516,918000000,-60.5
13,18,47.6539706,-122.3072516,919000000,-62.0
13,19,47.6539706,-122.3072516,920000000,-64.5
13,20,47.6539706,-122.3072516,921000000,-62.0
13,21,47.6539706,-122.3072516,922000000,-60.5
13,22,47.6539706,-122.3072516,923000000,-63.0
13,23,47.6539706,-122.3072516,924000000,-68.5
13,24,47.6539706,-122.3072516,925000000,-64.0
13,25,47.6539706,-122.3072516,926000000,-62.0
13,26,47.6539706,-122.3072516,927000000,-66.5
13,27,47.6539706,-122.3072516,927937500,-68.5
14,1,47.6540566,-122.3076220,902062500,-68.0
14,2,47.6540566,-122.3076220,903000000,-63.5
14,3,47.6540566,-122.3076220,904000000,-70.5
14,4,47.6540566,-122.3076220,905000000,-72.0
14,5,47.6540566,-122.3076220,906000000,-67.0
14,6,47.6540566,-122.3076220,907000000,-73.5
14,7,47.6540566,-122.3076220,908000000,-72.5
14,8,47.6540566,-122.3076220,909000000,-75.0
14,9,47.6540566,-122.3076220,910000000,-63.5
14,10,47.6540566,-122.3076220,911000000,-66.0
14,11,47.6540566,-122.3076220,912000000,-65.5
14,12,47.6540566,-122.3076220,913000000,-64.5
14,13,47.6540566,-122.3076220,914000000,-69.5
14,14,47.6540566,-122.3076220,915000000,-64.0
14,15,47.6540566,-122.3076220,916000000,-70.5
14,16,47.6540566,-122.3076220,917000000,-75.0
14,17,47.6540566,-122.3076220,918000000,-70.5
14,18,47.6540566,-122.3076220,919000000,-70.0
14,19,47.6540566,-122.3076220,920000000,-67.5
14,20,47.6540566,-122.3076220,921000000,-67.5
14,21,47.6540566,-122.3076220,922000000,-69.0
14,22,47.6540566,-122.3076220,923000000,-67.5
14,23,47.6540566,-122.3076220,924000000,-70.0
14,24,47.6540566,-122.3076220,925000000,-75.5
14,25,47.6540566,-122.3076220,926000000,-68.0
14,26,47.6540566,-122.3076220,927000000,-77.0
14,27,47.6540566,-122.3076220,927937500,-78.5
15,1,47.6540842,-122.3077893,902062500,-70.5
15,2,47.6540842,-122.3077893,903000000,-76.0
15,3,47.6540842,-122.3077893,904000000,-75.5
15,4,47.6540842,-122.3077893,905000000,-66.0
15,5,47.6540842,-122.3077893,906000000,-78.0
15,6,47.6540842,-122.3077893,907000000,-72.5
15,7,47.6540842,-122.3077893,908000000,-72.5
15,8,47.6540842,-122.3077893,909000000,-78.0
15,9,47.6540842,-122.3077893,910000000,-69.0
15,10,47.6540842,-122.3077893,911000000,-70.0
15,11,47.6540842,-122.3077893,912000000,-83.5
15,12,47.6540842,-122.3077893,913000000,-68.5
15,13,47.6540842,-122.3077893,914000000,-74.0
15,14,47.6540842,-122.3077893,915000000,-70.5
15,15,47.6540842,-122.3077893,916000000,-66.0
15,16,47.6540842,-122.3077893,917000000,-69.0
15,17,47.6540842,-122.3077893,918000000,-68.0
15,18,47.6540842,-122.3077893,919000000,-70.0
15,19,47.6540842,-122.3077893,920000000,-82.5
15,20,47.6540842,-122.3077893,921000000,-74.0
15,21,47.6540842,-122.3077893,922000000,-71.0
15,22,47.6540842,-122.3077893,923000000,-81.5
15,23,47.6540842,-122.3077893,924000000,-76.5
15,24,47.6540842,-122.3077893,925000000,-80.5
15,25,47.6540842,-122.3077893,926000000,-79.5
15,26,47.6540842,-122.3077893,927000000,-76.0
15,27,47.6540842,-122.3077893,927937500,-76.5
16,1,47.6540781,-122.3079807,902062500,-78.5
16,2,47.6540781,-122.3079807,903000000,-71.5
16,3,47.6540781,-122.3079807,904000000,-70.0
16,4,47.6540781,-122.3079807,905000000,-74.5
16,5,47.6540781,-122.3079807,906000000,-73.0
16,6,47.6540781,-122.3079807,907000000,-75.5
16,7,47.6540781,-122.3079807,908000000,-74.5
16,8,47.6540781,-122.3079807,909000000,-68.5
16,9,47.6540781,-122.3079807,910000000,-67.5
16,10,47.6540781,-122.3079807,911000000,-69.0
16,11,47.6540781,-122.3079807,912000000,-65.0
16,12,47.6540781,-122.3079807,913000000,-70.0
16,13,47.6540781,-122.3079807,914000000,-74.5
16,14,47.6540781,-122.3079807,915000000,-70.0
16,15,47.6540781,-122.3079807,916000000,-94.5
16,16,47.6540781,-122.3079807,917000000,-74.5
16,17,47.6540781,-122.3079807,918000000,-75.0
16,18,47.6540781,-122.3079807,919000000,-82.0
16,19,47.6540781,-122.3079807,920000000,-70.5
16,20,47.6540781,-122.3079807,921000000,-68.5
16,21,47.6540781,-122.3079807,922000000,-75.0
16,22,47.6540781,-122.3079807,923000000,-76.0
16,23,47.6540781,-122.3079807,924000000,-73.0
16,24,47.6540781,-122.3079807,925000000,-75.5
16,25,47.6540781,-122.3079807,926000000,-83.5
16,26,47.6540781,-122.3079807,927000000,-75.0
16,27,47.6540781,-122.3079807,927937500,-76.0
17,1,47.6541687,-122.3080428,902062500,-67.0
17,2,47.6541687,-122.3080428,903000000,-69.5
17,3,47.6541687,-122.3080428,904000000,-69.5
17,4,47.6541687,-122.3080428,905000000,-71.0
17,5,47.6541687,-122.3080428,906000000,-69.5
17,6,47.6541687,-122.3080428,907000000,-67.0
17,7,47.6541687,-122.3080428,908000000,-69.5
17,8,47.6541687,-122.3080428,909000000,-63.0
17,9,47.6541687,-122.3080428,910000000,-63.5
17,10,47.6541687,-122.3080428,911000000,-65.0
17,11,47.6541687,-122.3080428,912000000,-64.0
17,12,47.6541687,-122.3080428,913000000,-63.0
17,13,47.6541687,-122.3080428,914000000,-66.0
17,14,47.6541687,-122.3080428,915000000,-63.0
17,15,47.6541687,-122.3080428,916000000,-64.0
17,16,47.6541687,-122.3080428,917000000,-67.5
17,17,47.6541687,-122.3080428,918000000,-63.0
17,18,47.6541687,-122.3080428,919000000,-64.5
17,19,47.6541687,-122.3080428,920000000,-70.0
17,20,47.6541687,-122.3080428,921000000,-63.0
17,21,47.6541687,-122.3080428,922000000,-66.0
17,22,47.6541687,-122.3080428,923000000,-70.0
17,23,47.6541687,-122.3080428,924000000,-67.5
17,24,47.6541687,-122.3080428,925000000,-64.0
17,25,47.6541687,-122.3080428,926000000,-66.5
17,26,47.6541687,-122.3080428,927000000,-71.0
17,27,47.6541687,-122.3080428,927937500,-66.0
18,1,47.6542874,-122.3081325,902062500,-72.0
18,2,47.6542874,-122.3081325,903000000,-83.5
18,3,47.6542874,-122.3081325,904000000,-75.0
18,4,47.6542874,-122.3081325,905000000,-70.5
18,5,47.6542874,-122.3081325,906000000,-82.0
18,6,47.6542874,-122.3081325,907000000,-77.0
18,7,47.6542874,-122.3081325,908000000,-80.0
18,8,47.6542874,-122.3081325,909000000,-77.5
18,9,47.6542874,-122.3081325,910000000,-77.0
18,10,47.6542874,-122.3081325,911000000,-92.5
18,11,47.6542874,-122.3081325,912000000,-95.0
18,12,47.6542874,-122.3081325,913000000,-84.5
18,13,47.6542874,-122.3081325,914000000,-81.5
18,14,47.6542874,-122.3081325,915000000,-75.0
18,15,47.6542874,-122.3081325,916000000,-76.0
18,16,47.6542874,-122.3081325,917000000,-76.5
18,17,47.6542874,-122.3081325,918000000,-76.5
18,18,47.6542874,-122.3081325,919000000,-70.5
18,19,47.6542874,-122.3081325,920000000,-76.5
18,20,47.6542874,-122.3081325,921000000,-72.0
18,21,47.6542874,-122.3081325,922000000,-72.5
18,22,47.6542874,-122.3081325,923000000,-78.5
18,23,47.6542874,-122.3081325,924000000,-69.5
18,24,47.6542874,-122.3081325,925000000,-75.5
18,25,47.6542874,-122.3081325,926000000,-71.0
18,26,47.6542874,-122.3081325,927000000,-74.5
18,27,47.6542874,-122.3081325,927937500,-76.5
19,1,47.6544060,-122.3081993,902062500,-69.5
19,2,47.6544060,-122.3081993,903000000,-71.5
19,3,47.6544060,-122.3081993,904000000,-70.5
19,4,47.6544060,-122.3081993,905000000,-68.5
19,5,47.6544060,-122.3081993,906000000,-68.5
19,6,47.6544060,-122.3081993,907000000,-70.5
19,7,47.6544060,-122.3081993,908000000,-70.0
19,8,47.6544060,-122.3081993,909000000,-76.5
19,9,47.6544060,-122.3081993,910000000,-70.0
19,10,47.6544060,-122.3081993,911000000,-69.5
19,11,47.6544060,-122.3081993,912000000,-73.0
19,12,47.6544060,-122.3081993,913000000,-71.0
19,13,47.6544060,-122.3081993,914000000,-69.0
19,14,47.6544060,-122.3081993,915000000,-69.0
19,15,47.6544060,-122.3081993,916000000,-71.0
19,16,47.6544060,-122.3081993,917000000,-68.5
19,17,47.6544060,-122.3081993,918000000,-71.0
19,18,47.6544060,-122.3081993,919000000,-71.5
19,19,47.6544060,-122.3081993,920000000,-78.0
19,20,47.6544060,-122.3081993,921000000,-71.5
19,21,47.6544060,-122.3081993,922000000,-74.5
19,22,47.6544060,-122.3081993,923000000,-76.0
19,23,47.6544060,-122.3081993,924000000,-74.5
19,24,47.6544060,-122.3081993,925000000,-74.0
19,25,47.6544060,-122.3081993,926000000,-71.5
19,26,47.6544060,-122.3081993,927000000,-70.0
19,27,47.6544060,-122.3081993,927937500,-71.0
20,1,47.6544966,-122.3082771,902062500,-77.5
20,2,47.6544966,-122.3082771,903000000,-75.0
20,3,47.6544966,-122.3082771,904000000,-77.0
20,4,47.6544966,-122.3082771,905000000,-79.0
20,5,47.6544966,-122.3082771,906000000,-73.5
20,6,47.6544966,-122.3082771,907000000,-73.5
20,7,47.6544966,-122.3082771,908000000,-71.5
20,8,47.6544966,-122.3082771,909000000,-75.5
20,9,47.6544966,-122.3082771,910000000,-78.5
20,10,47.6544966,-122.3082771,911000000,-80.5
20,11,47.6544966,-122.3082771,912000000,-79.0
20,12,47.6544966,-122.3082771,913000000,-84.0
20,13,47.6544966,-122.3082771,914000000,-84.0
20,14,47.6544966,-122.3082771,915000000,-80.5
20,15,47.6544966,-122.3082771,916000000,-84.0
20,16,47.6544966,-122.3082771,917000000,-78.0
20,17,47.6544966,-122.3082771,918000000,-80.5
20,18,47.6544966,-122.3082771,919000000,-79.5
20,19,47.6544966,-122.3082771,920000000,-82.0
20,20,47.6544966,-122.3082771,921000000,-77.0
20,21,47.6544966,-122.3082771,922000000,-84.5
20,22,47.6544966,-122.3082771,923000000,-77.5
20,23,47.6544966,-122.3082771,924000000,-80.0
20,24,47.6544966,-122.3082771,925000000,-82.0
20,25,47.6544966,-122.3082771,926000000,-76.5
20,26,47.6544966,-122.3082771,927000000,-81.0
20,27,47.6544966,-122.3082771,927937500,-85.0
21,1,47.6546403,-122.3083737,902062500,-82.0
21,2,47.6546403,-122.3083737,903000000,-87.5
21,3,47.6546403,-122.3083737,904000000,-85.5
21,4,47.6546403,-122.3083737,905000000,-91.0
21,5,47.6546403,-122.3083737,906000000,-81.0
21,6,47.6546403,-122.3083737,907000000,-91.5
21,7,47.6546403,-122.3083737,908000000,-78.0
21,8,47.6546403,-122.3083737,909000000,-88.0
21,9,47.6546403,-122.3083737,910000000,-77.5
21,10,47.6546403,-122.3083737,911000000,-85.0
21,11,47.6546403,-122.3083737,912000000,-80.5
21,12,47.6546403,-122.3083737,913000000,-83.0
21,13,47.6546403,-122.3083737,914000000,-90.5
21,14,47.6546403,-122.3083737,915000000,-85.0
21,15,47.6546403,-122.3083737,916000000,-79.5
21,16,47.6546403,-122.3083737,917000000,-81.0
21,17,47.6546403,-122.3083737,918000000,-77.5
21,18,47.6546403,-122.3083737,919000000,-79.0
21,19,47.6546403,-122.3083737,920000000,-72.0
21,20,47.6546403,-122.3083737,921000000,-80.0
21,21,47.6546403,-122.3083737,922000000,-78.0
21,22,47.6546403,-122.3083737,923000000,-82.0
21,23,47.6546403,-122.3083737,924000000,-79.0
21,24,47.6546403,-122.3083737,925000000,-84.5
21,25,47.6546403,-122.3083737,926000000,-83.5
21,26,47.6546403,-122.3083737,927000000,-89.5
21,27,47.6546403,-122.3083737,927937500,-94.5
22,1,47.6548796,-122.3085222,902062500,-79.0
22,2,47.6548796,-122.3085222,903000000,-88.0
22,3,47.6548796,-122.3085222,904000000,-82.0
22,4,47.6548796,-122.3085222,905000000,-83.0
22,5,47.6548796,-122.3085222,906000000,-88.0
22,6,47.6548796,-122.3085222,907000000,-82.0
22,7,47.6548796,-122.3085222,908000000,-85.0
22,8,47.6548796,-122.3085222,909000000,-85.0
22,9,47.6548796,-122.3085222,910000000,-86.5
22,10,47.6548796,-122.3085222,911000000,-82.5
22,11,47.6548796,-122.3085222,912000000,-87.5
22,12,47.6548796,-122.3085222,913000000,-89.0
22,13,47.6548796,-122.3085222,914000000,-84.5
22,14,47.6548796,-122.3085222,915000000,-91.5
22,15,47.6548796,-122.3085222,916000000,-84.5
22,16,47.6548796,-122.3085222,917000000,-77.0
22,17,47.6548796,-122.3085222,918000000,-82.0
22,18,47.6548796,-122.3085222,919000000,-80.5
22,19,47.6548796,-122.3085222,920000000,-95.5
22,20,47.6548796,-122.3085222,921000000,-79.5
22,21,47.6548796,-122.3085222,922000000,-100.5
22,22,47.6548796,-122.3085222,923000000,-81.0
22,23,47.6548796,-122.3085222,924000000,-87.5
22,24,47.6548796,-122.3085222,925000000,-93.0
22,25,47.6548796,-122.3085222,926000000,-87.0
22,26,47.6548796,-122.3085222,927000000,-84.0
22,27,47.6548796,-122.3085222,927937500,-85.0
23,1,47.6539787,-122.3081403,902062500,-76.5
23,2,47.6539787,-122.3081403,903000000,-70.5
23,3,47.6539787,-122.3081403,904000000,-71.5
23,4,47.6539787,-122.3081403,905000000,-68.5
23,5,47.6539787,-122.3081403,906000000,-74.5
23,6,47.6539787,-122.3081403,907000000,-76.5
23,7,47.6539787,-122.3081403,908000000,-71.0
23,8,47.6539787,-122.3081403,909000000,-72.5
23,9,47.6539787,-122.3081403,910000000,-83.5
23,10,47.6539787,-122.3081403,911000000,-69.0
23,11,47.6539787,-122.3081403,912000000,-67.0
23,12,47.6539787,-122.3081403,913000000,-73.0
23,13,47.6539787,-122.3081403,914000000,-71.5
23,14,47.6539787,-122.3081403,915000000,-66.5
23,15,47.6539787,-122.3081403,916000000,-67.5
23,16,47.6539787,-122.3081403,917000000,-69.5
23,17,47.6539787,-122.3081403,918000000,-64.5
23,18,47.6539787,-122.3081403,919000000,-70.5
23,19,47.6539787,-122.3081403,920000000,-65.0
23,20,47.6539787,-122.3081403,921000000,-65.5
23,21,47.6539787,-122.3081403,922000000,-71.0
23,22,47.6539787,-122.3081403,923000000,-70.5
23,23,47.6539787,-122.3081403,924000000,-66.0
23,24,47.6539787,-122.3081403,925000000,-68.5
23,25,47.6539787,-122.3081403,926000000,-70.0
23,26,47.6539787,-122.3081403,927000000,-67.5
23,27,47.6539787,-122.3081403,927937500,-73.5
24,1,47.6539236,-122.3081973,902062500,-73.5
24,2,47.6539236,-122.3081973,903000000,-80.0
24,3,47.6539236,-122.3081973,904000000,-74.5
24,4,47.6539236,-122.3081973,905000000,-73.0
24,5,47.6539236,-122.3081973,906000000,-72.5
24,6,47.6539236,-122.3081973,907000000,-76.0
24,7,47.6539236,-122.3081973,908000000,-79.5
24,8,47.6539236,-122.3081973,909000000,-70.0
24,9,47.6539236,-122.3081973,910000000,-73.0
24,10,47.6539236,-122.3081973,911000000,-72.5
24,11,47.6539236,-122.3081973,912000000,-76.5
24,12,47.6539236,-122.3081973,913000000,-70.0
24,13,47.6539236,-122.3081973,914000000,-78.5
24,14,47.6539236,-122.3081973,915000000,-82.0
24,15,47.6539236,-122.3081973,916000000,-77.0
24,16,47.6539236,-122.3081973,917000000,-81.0
24,17,47.6539236,-122.3081973,918000000,-79.0
24,18,47.6539236,-122.3081973,919000000,-79.0
24,19,47.6539236,-122.3081973,920000000,-79.0
24,20,47.6539236,-122.3081973,921000000,-75.5
24,21,47.6539236,-122.3081973,922000000,-74.0
24,22,47.6539236,-122.3081973,923000000,-74.5
24,23,47.6539236,-122.3081973,924000000,-76.0
24,24,47.6539236,-122.3081973,925000000,-78.0
24,25,47.6539236,-122.3081973,926000000,-87.0
24,26,47.6539236,-122.3081973,927000000,-79.0
24,27,47.6539236,-122.3081973,927937500,-76.0
25,1,47.6537804,-122.3082412,902062500,-77.5
25,2,47.6537804,-122.3082412,903000000,-80.0
25,3,47.6537804,-122.3082412,904000000,-76.5
25,4,47.6537804,-122.3082412,905000000,-84.5
25,5,47.6537804,-122.3082412,906000000,-80.5
25,6,47.6537804,-122.3082412,907000000,-88.5
25,7,47.6537804,-122.3082412,908000000,-68.0
25,8,47.6537804,-122.3082412,909000000,-65.5
25,9,47.6537804,-122.3082412,910000000,-69.5
25,10,47.6537804,-122.3082412,911000000,-77.0
25,11,47.6537804,-122.3082412,912000000,-74.5
25,12,47.6537804,-122.3082412,913000000,-88.5
25,13,47.6537804,-122.3082412,914000000,-77.0
25,14,47.6537804,-122.3082412,915000000,-72.0
25,15,47.6537804,-122.3082412,916000000,-71.0
25,16,47.6537804,-122.3082412,917000000,-83.0
25,17,47.6537804,-122.3082412,918000000,-72.5
25,18,47.6537804,-122.3082412,919000000,-71.0
25,19,47.6537804,-122.3082412,920000000,-78.5
25,20,47.6537804,-122.3082412,921000000,-82.0
25,21,47.6537804,-122.3082412,922000000,-76.5
25,22,47.6537804,-122.3082412,923000000,-75.5
25,23,47.6537804,-122.3082412,924000000,-72.0
25,24,47.6537804,-122.3082412,925000000,-84.0
25,25,47.6537804,-122.3082412,926000000,-88.5
25,26,47.6537804,-122.3082412,927000000,-82.0
25,27,47.6537804,-122.3082412,927937500,-75.5
26,1,47.6536718,-122.3081953,902062500,-66.5
26,2,47.6536718,-122.3081953,903000000,-70.0
26,3,47.6536718,-122.3081953,904000000,-70.0
26,4,47.6536718,-122.3081953,905000000,-78.5
26,5,47.6536718,-122.3081953,906000000,-82.0
26,6,47.6536718,-122.3081953,907000000,-78.5
26,7,47.6536718,-122.3081953,908000000,-79.5
26,8,47.6536718,-122.3081953,909000000,-75.5
26,9,47.6536718,-122.3081953,910000000,-68.0
26,10,47.6536718,-122.3081953,911000000,-76.0
26,11,47.6536718,-122.3081953,912000000,-77.5
26,12,47.6536718,-122.3081953,913000000,-69.0
26,13,47.6536718,-122.3081953,914000000,-68.0
26,14,47.6536718,-122.3081953,915000000,-71.5
26,15,47.6536718,-122.3081953,916000000,-74.0
26,16,47.6536718,-122.3081953,917000000,-72.5
26,17,47.6536718,-122.3081953,918000000,-73.0
26,18,47.6536718,-122.3081953,919000000,-68.5
26,19,47.6536718,-122.3081953,920000000,-77.5
26,20,47.6536718,-122.3081953,921000000,-73.5
26,21,47.6536718,-122.3081953,922000000,-71.0
26,22,47.6536718,-122.3081953,923000000,-82.0
26,23,47.6536718,-122.3081953,924000000,-76.0
26,24,47.6536718,-122.3081953,925000000,-79.0
26,25,47.6536718,-122.3081953,926000000,-77.0
26,26,47.6536718,-122.3081953,927000000,-84.0
26,27,47.6536718,-122.3081953,927937500,-77.5
27,1,47.6535589,-122.3080397,902062500,-75.5
27,2,47.6535589,-122.3080397,903000000,-68.0
27,3,47.6535589,-122.3080397,904000000,-72.0
27,4,47.6535589,-122.3080397,905000000,-70.5
27,5,47.6535589,-122.3080397,906000000,-68.5
27,6,47.6535589,-122.3080397,907000000,-68.0
27,7,47.6535589,-122.3080397,908000000,-85.0
27,8,47.6535589,-122.3080397,909000000,-75.0
27,9,47.6535589,-122.3080397,910000000,-75.0
27,10,47.6535589,-122.3080397,911000000,-76.5
27,11,47.6535589,-122.3080397,912000000,-66.5
27,12,47.6535589,-122.3080397,913000000,-68.0
27,13,47.6535589,-122.3080397,914000000,-69.5
27,14,47.6535589,-122.3080397,915000000,-72.0
27,15,47.6535589,-122.3080397,916000000,-69.5
27,16,47.6535589,-122.3080397,917000000,-71.5
27,17,47.6535589,-122.3080397,918000000,-72.0
27,18,47.6535589,-122.3080397,919000000,-80.0
27,19,47.6535589,-122.3080397,920000000,-82.0
27,20,47.6535589,-122.3080397,921000000,-78.0
27,21,47.6535589,-122.3080397,922000000,-70.0
27,22,47.6535589,-122.3080397,923000000,-70.5
27,23,47.6535589,-122.3080397,924000000,-71.5
27,24,47.6535589,-122.3080397,925000000,-69.0
27,25,47.6535589,-122.3080397,926000000,-67.0
27,26,47.6535589,-122.3080397,927000000,-68.0
27,27,47.6535589,-122.3080397,927937500,-73.5
28,1,47.6535160,-122.3078342,902062500,-63.0
28,2,47.6535160,-122.3078342,903000000,-64.5
28,3,47.6535160,-122.3078342,904000000,-62.0
28,4,47.6535160,-122.3078342,905000000,-60.0
28,5,47.6535160,-122.3078342,906000000,-62.0
28,6,47.6535160,-122.3078342,907000000,-59.5
28,7,47.6535160,-122.3078342,908000000,-63.0
28,8,47.6535160,-122.3078342,909000000,-61.0
28,9,47.6535160,-122.3078342,910000000,-63.5
28,10,47.6535160,-122.3078342,911000000,-63.5
28,11,47.6535160,-122.3078342,912000000,-60.0
28,12,47.6535160,-122.3078342,913000000,-60.0
28,13,47.6535160,-122.3078342,914000000,-60.0
28,14,47.6535160,-122.3078342,915000000,-61.0
28,15,47.6535160,-122.3078342,916000000,-60.0
28,16,47.6535160,-122.3078342,917000000,-60.0
28,17,47.6535160,-122.3078342,918000000,-60.5
28,18,47.6535160,-122.3078342,919000000,-61.5
28,19,47.6535160,-122.3078342,920000000,-60.0
28,20,47.6535160,-122.3078342,921000000,-62.0
28,21,47.6535160,-122.3078342,922000000,-62.0
28,22,47.6535160,-122.3078342,923000000,-61.5
28,23,47.6535160,-122.3078342,924000000,-62.0
28,24,47.6535160,-122.3078342,925000000,-62.5
28,25,47.6535160,-122.3078342,926000000,-63.5
28,26,47.6535160,-122.3078342,927000000,-64.0
28,27,47.6535160,-122.3078342,927937500,-66.0
29,1,47.6535469,-122.3076149,902062500,-59.0
29,2,47.6535469,-122.3076149,903000000,-60.0
29,3,47.6535469,-122.3076149,904000000,-59.5
29,4,47.6535469,-122.3076149,905000000,-63.5
29,5,47.6535469,-122.3076149,906000000,-62.5
29,6,47.6535469,-122.3076149,907000000,-63.0
29,7,47.6535469,-122.3076149,908000000,-65.0
29,8,47.6535469,-122.3076149,909000000,-64.0
29,9,47.6535469,-122.3076149,910000000,-64.0
29,10,47.6535469,-122.3076149,911000000,-68.0
29,11,47.6535469,-122.3076149,912000000,-70.5
29,12,47.6535469,-122.3076149,913000000,-68.0
29,13,47.6535469,-122.3076149,914000000,-70.0
29,14,47.6535469,-122.3076149,915000000,-70.0
29,15,47.6535469,-122.3076149,916000000,-66.0
29,16,47.6535469,-122.3076149,917000000,-66.0
29,17,47.6535469,-122.3076149,918000000,-64.0
29,18,47.6535469,-122.3076149,919000000,-63.0
29,19,47.6535469,-122.3076149,920000000,-63.0
29,20,47.6535469,-122.3076149,921000000,-64.5
29,21,47.6535469,-122.3076149,922000000,-64.0
29,22,47.6535469,-122.3076149,923000000,-63.5
29,23,47.6535469,-122.3076149,924000000,-64.5
29,24,47.6535469,-122.3076149,925000000,-64.5
29,25,47.6535469,-122.3076149,926000000,-68.0
29,26,47.6535469,-122.3076149,927000000,-67.0
29,27,47.6535469,-122.3076149,927937500,-63.5
30,1,47.6537714,-122.3073957,902062500,-70.0
30,2,47.6537714,-122.3073957,903000000,-76.0
30,3,47.6537714,-122.3073957,904000000,-73.0
30,4,47.6537714,-122.3073957,905000000,-64.0
30,5,47.6537714,-122.3073957,906000000,-76.0
30,6,47.6537714,-122.3073957,907000000,-67.0
30,7,47.6537714,-122.3073957,908000000,-68.0
30,8,47.6537714,-122.3073957,909000000,-69.5
30,9,47.6537714,-122.3073957,910000000,-75.0
30,10,47.6537714,-122.3073957,911000000,-68.5
30,11,47.6537714,-122.3073957,912000000,-77.0
30,12,47.6537714,-122.3073957,913000000,-67.5
30,13,47.6537714,-122.3073957,914000000,-68.0
30,14,47.6537714,-122.3073957,915000000,-70.5
30,15,47.6537714,-122.3073957,916000000,-65.5
30,16,47.6537714,-122.3073957,917000000,-65.5
30,17,47.6537714,-122.3073957,918000000,-70.5
30,18,47.6537714,-122.3073957,919000000,-70.0
30,19,47.6537714,-122.3073957,920000000,-70.5
30,20,47.6537714,-122.3073957,921000000,-73.0
30,21,47.6537714,-122.3073957,922000000,-78.0
30,22,47.6537714,-122.3073957,923000000,-77.0
30,23,47.6537714,-122.3073957,924000000,-84.5
30,24,47.6537714,-122.3073957,925000000,-74.5
30,25,47.6537714,-122.3073957,926000000,-69.0
30,26,47.6537714,-122.3073957,927000000,-77.0
30,27,47.6537714,-122.3073957,927937500,-70.0
31,1,47.6538091,-122.3062809,902062500,-80.0
31,2,47.6538091,-122.3062809,903000000,-84.5
31,3,47.6538091,-122.3062809,904000000,-79.0
31,4,47.6538091,-122.3062809,905000000,-79.5
31,5,47.6538091,-122.3062809,906000000,-76.0
31,6,47.6538091,-122.3062809,907000000,-82.5
31,7,47.6538091,-122.3062809,908000000,-86.5
31,8,47.6538091,-122.3062809,909000000,-84.0
31,9,47.6538091,-122.3062809,910000000,-76.0
31,10,47.6538091,-122.3062809,911000000,-77.5
31,11,47.6538091,-122.3062809,912000000,-80.0
31,12,47.6538091,-122.3062809,913000000,-78.0
31,13,47.6538091,-122.3062809,914000000,-85.5
31,14,47.6538091,-122.3062809,915000000,-83.0
31,15,47.6538091,-122.3062809,916000000,-77.5
31,16,47.6538091,-122.3062809,917000000,-70.5
31,17,47.6538091,-122.3062809,918000000,-72.5
31,18,47.6538091,-122.3062809,919000000,-71.0
31,19,47.6538091,-122.3062809,920000000,-73.5
31,20,47.6538091,-122.3062809,921000000,-76.0
31,21,47.6538091,-122.3062809,922000000,-89.0
31,22,47.6538091,-122.3062809,923000000,-89.5
31,23,47.6538091,-122.3062809,924000000,-78.0
31,24,47.6538091,-122.3062809,925000000,-78.0
31,25,47.6538091,-122.3062809,926000000,-76.0
31,26,47.6538091,-122.3062809,927000000,-73.5
31,27,47.6538091,-122.3062809,927937500,-76.0
32,1,47.6538003,-122.3064267,902062500,-65.0
32,2,47.6538003,-122.3064267,903000000,-65.5
32,3,47.6538003,-122.3064267,904000000,-73.5
32,4,47.6538003,-122.3064267,905000000,-62.0
32,5,47.6538003,-122.3064267,906000000,-65.0
32,6,47.6538003,-122.3064267,907000000,-62.0
32,7,47.6538003,-122.3064267,908000000,-61.5
32,8,47.6538003,-122.3064267,909000000,-64.0
32,9,47.6538003,-122.3064267,910000000,-60.5
32,10,47.6538003,-122.3064267,911000000,-62.0
32,11,47.6538003,-122.3064267,912000000,-62.0
32,12,47.6538003,-122.3064267,913000000,-63.0
32,13,47.6538003,-122.3064267,914000000,-67.5
32,14,47.6538003,-122.3064267,915000000,-64.0
32,15,47.6538003,-122.3064267,916000000,-64.0
32,16,47.6538003,-122.3064267,917000000,-64.0
32,17,47.6538003,-122.3064267,918000000,-62.5
32,18,47.6538003,-122.3064267,919000000,-66.0
32,19,47.6538003,-122.3064267,920000000,-65.0
32,20,47.6538003,-122.3064267,921000000,-68.0
32,21,47.6538003,-122.3064267,922000000,-71.5
32,22,47.6538003,-122.3064267,923000000,-68.5
32,23,47.6538003,-122.3064267,924000000,-74.5
32,24,47.6538003,-122.3064267,925000000,-69.0
32,25,47.6538003,-122.3064267,926000000,-68.5
32,26,47.6538003,-122.3064267,927000000,-73.0
32,27,47.6538003,-122.3064267,927937500,-65.0
33,1,47.6537962,-122.3065206,927000000,-73.0
33,2,47.6537962,-122.3065206,927937500,-65.0
33,3,47.6537962,-122.3065206,902062500,-69.5
33,4,47.6537962,-122.3065206,903000000,-69.0
33,5,47.6537962,-122.3065206,904000000,-79.0
33,6,47.6537962,-122.3065206,905000000,-68.5
33,7,47.6537962,-122.3065206,906000000,-86.5
33,8,47.6537962,-122.3065206,907000000,-76.5
33,9,47.6537962,-122.3065206,908000000,-73.0
33,10,47.6537962,-122.3065206,909000000,-69.0
33,11,47.6537962,-122.3065206,910000000,-68.0
33,12,47.6537962,-122.3065206,911000000,-75.0
33,13,47.6537962,-122.3065206,912000000,-77.5
33,14,47.6537962,-122.3065206,913000000,-75.5
33,15,47.6537962,-122.3065206,914000000,-68.0
33,16,47.6537962,-122.3065206,915000000,-69.5
33,17,47.6537962,-122.3065206,916000000,-65.5
33,18,47.6537962,-122.3065206,917000000,-69.0
33,19,47.6537962,-122.3065206,918000000,-69.0
33,20,47.6537962,-122.3065206,919000000,-72.0
33,21,47.6537962,-122.3065206,920000000,-70.5
33,22,47.6537962,-122.3065206,921000000,-66.5
33,23,47.6537962,-122.3065206,922000000,-74.0
33,24,47.6537962,-122.3065206,923000000,-69.5
33,25,47.6537962,-122.3065206,924000000,-82.0
33,26,47.6537962,-122.3065206,925000000,-73.5
33,27,47.6537962,-122.3065206,926000000,-77.5
34,1,47.6536772,-122.3067369,902062500,-80.0
34,2,47.6536772,-122.3067369,903000000,-77.0
34,3,47.6536772,-122.3067369,904000000,-72.5
34,4,47.6536772,-122.3067369,905000000,-84.0
34,5,47.6536772,-122.3067369,906000000,-75.0
34,6,47.6536772,-122.3067369,907000000,-76.0
34,7,47.6536772,-122.3067369,908000000,-83.5
34,8,47.6536772,-122.3067369,909000000,-76.0
34,9,47.6536772,-122.3067369,910000000,-80.0
34,10,47.6536772,-122.3067369,911000000,-70.5
34,11,47.6536772,-122.3067369,912000000,-69.0
34,12,47.6536772,-122.3067369,913000000,-83.5
34,13,47.6536772,-122.3067369,914000000,-78.5
34,14,47.6536772,-122.3067369,915000000,-83.0
34,15,47.6536772,-122.3067369,916000000,-80.0
34,16,47.6536772,-122.3067369,917000000,-80.0
34,17,47.6536772,-122.3067369,918000000,-74.5
34,18,47.6536772,-122.3067369,919000000,-75.0
34,19,47.6536772,-122.3067369,920000000,-72.0
34,20,47.6536772,-122.3067369,921000000,-85.5
34,21,47.6536772,-122.3067369,922000000,-84.0
34,22,47.6536772,-122.3067369,923000000,-92.0
34,23,47.6536772,-122.3067369,924000000,-82.5
34,24,47.6536772,-122.3067369,925000000,-76.0
34,25,47.6536772,-122.3067369,926000000,-74.5
34,26,47.6536772,-122.3067369,927000000,-71.0
34,27,47.6536772,-122.3067369,927937500,-88.5
35,1,47.6536158,-122.3070198,902062500,-64.0
35,2,47.6536158,-122.3070198,903000000,-67.0
35,3,47.6536158,-122.3070198,904000000,-64.0
35,4,47.6536158,-122.3070198,905000000,-65.0
35,5,47.6536158,-122.3070198,906000000,-68.0
35,6,47.6536158,-122.3070198,907000000,-70.5
35,7,47.6536158,-122.3070198,908000000,-70.0
35,8,47.6536158,-122.3070198,909000000,-68.5
35,9,47.6536158,-122.3070198,910000000,-71.0
35,10,47.6536158,-122.3070198,911000000,-79.0
35,11,47.6536158,-122.3070198,912000000,-80.5
35,12,47.6536158,-122.3070198,913000000,-70.5
35,13,47.6536158,-122.3070198,914000000,-77.0
35,14,47.6536158,-122.3070198,915000000,-72.0
35,15,47.6536158,-122.3070198,916000000,-70.5
35,16,47.6536158,-122.3070198,917000000,-68.0
35,17,47.6536158,-122.3070198,918000000,-67.0
35,18,47.6536158,-122.3070198,919000000,-66.0
35,19,47.6536158,-122.3070198,920000000,-71.0
35,20,47.6536158,-122.3070198,921000000,-72.5
35,21,47.6536158,-122.3070198,922000000,-69.0
35,22,47.6536158,-122.3070198,923000000,-68.0
35,23,47.6536158,-122.3070198,924000000,-66.0
35,24,47.6536158,-122.3070198,925000000,-68.0
35,25,47.6536158,-122.3070198,926000000,-76.0
35,26,47.6536158,-122.3070198,927000000,-71.5
35,27,47.6536158,-122.3070198,927937500,-74.0
36,1,47.6535273,-122.3073098,902062500,-60.5
36,2,47.6535273,-122.3073098,903000000,-59.0
36,3,47.6535273,-122.3073098,904000000,-60.0
36,4,47.6535273,-122.3073098,905000000,-63.0
36,5,47.6535273,-122.3073098,906000000,-61.5
36,6,47.6535273,-122.3073098,907000000,-66.5
36,7,47.6535273,-122.3073098,908000000,-68.0
36,8,47.6535273,-122.3073098,909000000,-78.5
36,9,47.6535273,-122.3073098,910000000,-85.0
36,10,47.6535273,-122.3073098,911000000,-70.5
36,11,47.6535273,-122.3073098,912000000,-66.0
36,12,47.6535273,-122.3073098,913000000,-63.5
36,13,47.6535273,-122.3073098,914000000,-63.5
36,14,47.6535273,-122.3073098,915000000,-62.0
36,15,47.6535273,-122.3073098,916000000,-65.0
36,16,47.6535273,-122.3073098,917000000,-61.0
36,17,47.6535273,-122.3073098,918000000,-62.0
36,18,47.6535273,-122.3073098,919000000,-64.0
36,19,47.6535273,-122.3073098,920000000,-64.5
36,20,47.6535273,-122.3073098,921000000,-64.5
36,21,47.6535273,-122.3073098,922000000,-66.0
36,22,47.6535273,-122.3073098,923000000,-70.0
36,23,47.6535273,-122.3073098,924000000,-70.0
36,24,47.6535273,-122.3073098,925000000,-70.0
36,25,47.6535273,-122.3073098,926000000,-68.0
36,26,47.6535273,-122.3073098,927000000,-66.0
36,27,47.6535273,-122.3073098,927937500,-64.5
37,1,47.6534652,-122.3075600,902062500,-57.0
37,2,47.6534652,-122.3075600,903000000,-59.0
37,3,47.6534652,-122.3075600,904000000,-57.5
37,4,47.6534652,-122.3075600,905000000,-57.0
37,5,47.6534652,-122.3075600,906000000,-57.0
37,6,47.6534652,-122.3075600,907000000,-57.0
37,7,47.6534652,-122.3075600,908000000,-57.0
37,8,47.6534652,-122.3075600,909000000,-57.0
37,9,47.6534652,-122.3075600,910000000,-55.5
37,10,47.6534652,-122.3075600,911000000,-57.0
37,11,47.6534652,-122.3075600,912000000,-56.0
37,12,47.6534652,-122.3075600,913000000,-57.0
37,13,47.6534652,-122.3075600,914000000,-57.0
37,14,47.6534652,-122.3075600,915000000,-56.0
37,15,47.6534652,-122.3075600,916000000,-57.0
37,16,47.6534652,-122.3075600,917000000,-57.5
37,17,47.6534652,-122.3075600,918000000,-57.0
37,18,47.6534652,-122.3075600,919000000,-57.0
37,19,47.6534652,-122.3075600,920000000,-59.0
37,20,47.6534652,-122.3075600,921000000,-58.0
37,21,47.6534652,-122.3075600,922000000,-57.0
37,22,47.6534652,-122.3075600,923000000,-59.5
37,23,47.6534652,-122.3075600,924000000,-57.5
37,24,47.6534652,-122.3075600,925000000,-58.0
37,25,47.6534652,-122.3075600,926000000,-58.0
37,26,47.6534652,-122.3075600,927000000,-57.5
37,27,47.6534652,-122.3075600,927937500,-58.0
38,1,47.6533642,-122.3077802,902062500,-63.0
38,2,47.6533642,-122.3077802,903000000,-64.5
38,3,47.6533642,-122.3077802,904000000,-71.5
38,4,47.6533642,-122.3077802,905000000,-64.0
38,5,47.6533642,-122.3077802,906000000,-63.5
38,6,47.6533642,-122.3077802,907000000,-60.0
38,7,47.6533642,-122.3077802,908000000,-62.5
38,8,47.6533642,-122.3077802,909000000,-63.0
38,9,47.6533642,-122.3077802,910000000,-62.0
38,10,47.6533642,-122.3077802,911000000,-62.5
38,11,47.6533642,-122.3077802,912000000,-62.5
38,12,47.6533642,-122.3077802,913000000,-63.0
38,13,47.6533642,-122.3077802,914000000,-63.5
38,14,47.6533642,-122.3077802,915000000,-63.5
38,15,47.6533642,-122.3077802,916000000,-64.5
38,16,47.6533642,-122.3077802,917000000,-64.5
38,17,47.6533642,-122.3077802,918000000,-63.0
38,18,47.6533642,-122.3077802,919000000,-62.0
38,19,47.6533642,-122.3077802,920000000,-61.0
38,20,47.6533642,-122.3077802,921000000,-63.0
38,21,47.6533642,-122.3077802,922000000,-62.0
38,22,47.6533642,-122.3077802,923000000,-62.0
38,23,47.6533642,-122.3077802,924000000,-64.0
38,24,47.6533642,-122.3077802,925000000,-64.0
38,25,47.6533642,-122.3077802,926000000,-67.5
38,26,47.6533642,-122.3077802,927000000,-65.5
38,27,47.6533642,-122.3077802,927937500,-65.0
39,1,47.6536251,-122.3083978,902062500,-80.0
39,2,47.6536251,-122.3083978,903000000,-73.5
39,3,47.6536251,-122.3083978,904000000,-76.0
39,4,47.6536251,-122.3083978,905000000,-75.5
39,5,47.6536251,-122.3083978,906000000,-76.0
39,6,47.6536251,-122.3083978,907000000,-73.5
39,7,47.6536251,-122.3083978,908000000,-68.0
39,8,47.6536251,-122.3083978,909000000,-76.5
39,9,47.6536251,-122.3083978,910000000,-72.5
39,10,47.6536251,-122.3083978,911000000,-80.5
39,11,47.6536251,-122.3083978,912000000,-77.0
39,12,47.6536251,-122.3083978,913000000,-80.5
39,13,47.6536251,-122.3083978,914000000,-76.0
39,14,47.6536251,-122.3083978,915000000,-79.5
39,15,47.6536251,-122.3083978,916000000,-79.0
39,16,47.6536251,-122.3083978,917000000,-73.0
39,17,47.6536251,-122.3083978,918000000,-70.0
39,18,47.6536251,-122.3083978,919000000,-80.0
39,19,47.6536251,-122.3083978,920000000,-82.5
39,20,47.6536251,-122.3083978,921000000,-77.5
39,21,47.6536251,-122.3083978,922000000,-74.0
39,22,47.6536251,-122.3083978,923000000,-75.5
39,23,47.6536251,-122.3083978,924000000,-75.5
39,24,47.6536251,-122.3083978,925000000,-78.0
39,25,47.6536251,-122.3083978,926000000,-77.5
39,26,47.6536251,-122.3083978,927000000,-81.0
39,27,47.6536251,-122.3083978,927937500,-75.5
40,1,47.6537653,-122.3084984,902062500,-73.0
40,2,47.6537653,-122.3084984,903000000,-81.0
40,3,47.6537653,-122.3084984,904000000,-76.0
40,4,47.6537653,-122.3084984,905000000,-77.5
40,5,47.6537653,-122.3084984,906000000,-86.5
40,6,47.6537653,-122.3084984,907000000,-82.0
40,7,47.6537653,-122.3084984,908000000,-76.0
40,8,47.6537653,-122.3084984,909000000,-77.5
40,9,47.6537653,-122.3084984,910000000,-82.0
40,10,47.6537653,-122.3084984,911000000,-80.0
40,11,47.6537653,-122.3084984,912000000,-77.0
40,12,47.6537653,-122.3084984,913000000,-75.5
40,13,47.6537653,-122.3084984,914000000,-79.5
40,14,47.6537653,-122.3084984,915000000,-75.5
40,15,47.6537653,-122.3084984,916000000,-71.5
40,16,47.6537653,-122.3084984,917000000,-78.0
40,17,47.6537653,-122.3084984,918000000,-75.0
40,18,47.6537653,-122.3084984,919000000,-74.5
40,19,47.6537653,-122.3084984,920000000,-73.0
40,20,47.6537653,-122.3084984,921000000,-72.0
40,21,47.6537653,-122.3084984,922000000,-75.0
40,22,47.6537653,-122.3084984,923000000,-75.5
40,23,47.6537653,-122.3084984,924000000,-75.5
40,24,47.6537653,-122.3084984,925000000,-75.5
40,25,47.6537653,-122.3084984,926000000,-79.5
40,26,47.6537653,-122.3084984,927000000,-77.5
40,27,47.6537653,-122.3084984,927937500,-76.0
41,1,47.6539805,-122.3086419,902062500,-78.0
41,2,47.6539805,-122.3086419,903000000,-76.0
41,3,47.6539805,-122.3086419,904000000,-78.5
41,4,47.6539805,-122.3086419,905000000,-78.0
41,5,47.6539805,-122.3086419,906000000,-81.0
41,6,47.6539805,-122.3086419,907000000,-86.5
41,7,47.6539805,-122.3086419,908000000,-72.5
41,8,47.6539805,-122.3086419,909000000,-73.5
41,9,47.6539805,-122.3086419,910000000,-86.0
41,10,47.6539805,-122.3086419,911000000,-70.0
41,11,47.6539805,-122.3086419,912000000,-70.0
41,12,47.6539805,-122.3086419,913000000,-79.5
41,13,47.6539805,-122.3086419,914000000,-73.0
41,14,47.6539805,-122.3086419,915000000,-76.5
41,15,47.6539805,-122.3086419,916000000,-81.5
41,16,47.6539805,-122.3086419,917000000,-78.5
41,17,47.6539805,-122.3086419,918000000,-80.5
41,18,47.6539805,-122.3086419,919000000,-85.0
41,19,47.6539805,-122.3086419,920000000,-77.5
41,20,47.6539805,-122.3086419,921000000,-76.0
41,21,47.6539805,-122.3086419,922000000,-71.0
41,22,47.6539805,-122.3086419,923000000,-76.5
41,23,47.6539805,-122.3086419,924000000,-75.5
41,24,47.6539805,-122.3086419,925000000,-71.0
41,25,47.6539805,-122.3086419,926000000,-75.5
41,26,47.6539805,-122.3086419,927000000,-78.0
41,27,47.6539805,-122.3086419,927937500,-77.5
42,1,47.6540413,-122.3084746,902062500,-86.5
42,2,47.6540413,-122.3084746,903000000,-75.0
42,3,47.6540413,-122.3084746,904000000,-74.0
42,4,47.6540413,-122.3084746,905000000,-72.5
42,5,47.6540413,-122.3084746,906000000,-76.0
42,6,47.6540413,-122.3084746,907000000,-77.5
42,7,47.6540413,-122.3084746,908000000,-73.5
42,8,47.6540413,-122.3084746,909000000,-73.0
42,9,47.6540413,-122.3084746,910000000,-71.5
42,10,47.6540413,-122.3084746,911000000,-81.5
42,11,47.6540413,-122.3084746,912000000,-72.5
42,12,47.6540413,-122.3084746,913000000,-76.0
42,13,47.6540413,-122.3084746,914000000,-75.5
42,14,47.6540413,-122.3084746,915000000,-76.0
42,15,47.6540413,-122.3084746,916000000,-73.0
42,16,47.6540413,-122.3084746,917000000,-75.5
42,17,47.6540413,-122.3084746,918000000,-86.5
42,18,47.6540413,-122.3084746,919000000,-72.5
42,19,47.6540413,-122.3084746,920000000,-72.5
42,20,47.6540413,-122.3084746,921000000,-77.5
42,21,47.6540413,-122.3084746,922000000,-75.0
42,22,47.6540413,-122.3084746,923000000,-68.0
42,23,47.6540413,-122.3084746,924000000,-77.5
42,24,47.6540413,-122.3084746,925000000,-83.5
42,25,47.6540413,-122.3084746,926000000,-72.5
42,26,47.6540413,-122.3084746,927000000,-69.5
42,27,47.6540413,-122.3084746,927937500,-82.0
43,1,47.6540993,-122.3082929,902062500,-67.5
43,2,47.6540993,-122.3082929,903000000,-72.5
43,3,47.6540993,-122.3082929,904000000,-69.0
43,4,47.6540993,-122.3082929,905000000,-68.0
43,5,47.6540993,-122.3082929,906000000,-67.0
43,6,47.6540993,-122.3082929,907000000,-67.0
43,7,47.6540993,-122.3082929,908000000,-69.0
43,8,47.6540993,-122.3082929,909000000,-67.0
43,9,47.6540993,-122.3082929,910000000,-68.0
43,10,47.6540993,-122.3082929,911000000,-73.0
43,11,47.6540993,-122.3082929,912000000,-71.5
43,12,47.6540993,-122.3082929,913000000,-75.0
43,13,47.6540993,-122.3082929,914000000,-68.0
43,14,47.6540993,-122.3082929,915000000,-71.5
43,15,47.6540993,-122.3082929,916000000,-76.0
43,16,47.6540993,-122.3082929,917000000,-71.0
43,17,47.6540993,-122.3082929,918000000,-67.0
43,18,47.6540993,-122.3082929,919000000,-68.0
43,19,47.6540993,-122.3082929,920000000,-68.5
43,20,47.6540993,-122.3082929,921000000,-71.0
43,21,47.6540993,-122.3082929,922000000,-71.0
43,22,47.6540993,-122.3082929,923000000,-71.0
43,23,47.6540993,-122.3082929,924000000,-70.0
43,24,47.6540993,-122.3082929,925000000,-71.0
43,25,47.6540993,-122.3082929,926000000,-73.0
43,26,47.6540993,-122.3082929,927000000,-68.0
43,27,47.6540993,-122.3082929,927937500,-70.0
44,1,47.6542457,-122.3078282,902062500,-68.5
44,2,47.6542457,-122.3078282,903000000,-67.0
44,3,47.6542457,-122.3078282,904000000,-66.5
44,4,47.6542457,-122.3078282,905000000,-65.0
44,5,47.6542457,-122.3078282,906000000,-69.0
44,6,47.6542457,-122.3078282,907000000,-74.5
44,7,47.6542457,-122.3078282,908000000,-74.5
44,8,47.6542457,-122.3078282,909000000,-77.5
44,9,47.6542457,-122.3078282,910000000,-82.5
44,10,47.6542457,-122.3078282,911000000,-79.5
44,11,47.6542457,-122.3078282,912000000,-81.5
44,12,47.6542457,-122.3078282,913000000,-67.0
44,13,47.6542457,-122.3078282,914000000,-73.0
44,14,47.6542457,-122.3078282,915000000,-64.0
44,15,47.6542457,-122.3078282,916000000,-72.0
44,16,47.6542457,-122.3078282,917000000,-68.5
44,17,47.6542457,-122.3078282,918000000,-68.0
44,18,47.6542457,-122.3078282,919000000,-75.0
44,19,47.6542457,-122.3078282,920000000,-66.5
44,20,47.6542457,-122.3078282,921000000,-79.5
44,21,47.6542457,-122.3078282,922000000,-75.0
44,22,47.6542457,-122.3078282,923000000,-69.5
44,23,47.6542457,-122.3078282,924000000,-74.5
44,24,47.6542457,-122.3078282,925000000,-72.0
44,25,47.6542457,-122.3078282,926000000,-68.0
44,26,47.6542457,-122.3078282,927000000,-69.5
44,27,47.6542457,-122.3078282,927937500,-71.5
45,1,47.6541812,-122.3074031,902062500,-77.0
45,2,47.6541812,-122.3074031,903000000,-72.0
45,3,47.6541812,-122.3074031,904000000,-66.0
45,4,47.6541812,-122.3074031,905000000,-66.0
45,5,47.6541812,-122.3074031,906000000,-67.0
45,6,47.6541812,-122.3074031,907000000,-67.5
45,7,47.6541812,-122.3074031,908000000,-63.0
45,8,47.6541812,-122.3074031,909000000,-68.0
45,9,47.6541812,-122.3074031,910000000,-66.0
45,10,47.6541812,-122.3074031,911000000,-84.0
45,11,47.6541812,-122.3074031,912000000,-66.0
45,12,47.6541812,-122.3074031,913000000,-75.0
45,13,47.6541812,-122.3074031,914000000,-64.5
45,14,47.6541812,-122.3074031,915000000,-71.0
45,15,47.6541812,-122.3074031,916000000,-65.5
45,16,47.6541812,-122.3074031,917000000,-66.5
45,17,47.6541812,-122.3074031,918000000,-69.5
45,18,47.6541812,-122.3074031,919000000,-62.0
45,19,47.6541812,-122.3074031,920000000,-66.0
45,20,47.6541812,-122.3074031,921000000,-66.5
45,21,47.6541812,-122.3074031,922000000,-67.0
45,22,47.6541812,-122.3074031,923000000,-68.0
45,23,47.6541812,-122.3074031,924000000,-64.0
45,24,47.6541812,-122.3074031,925000000,-64.5
45,25,47.6541812,-122.3074031,926000000,-74.5
45,26,47.6541812,-122.3074031,927000000,-63.5
45,27,47.6541812,-122.3074031,927937500,-68.0
46,1,47.6539783,-122.3072961,902062500,-60.0
46,2,47.6539783,-122.3072961,903000000,-57.5
46,3,47.6539783,-122.3072961,904000000,-65.0
46,4,47.6539783,-122.3072961,905000000,-62.5
46,5,47.6539783,-122.3072961,906000000,-59.0
46,6,47.6539783,-122.3072961,907000000,-63.0
46,7,47.6539783,-122.3072961,908000000,-58.0
46,8,47.6539783,-122.3072961,909000000,-61.0
46,9,47.6539783,-122.3072961,910000000,-60.0
46,10,47.6539783,-122.3072961,911000000,-60.5
46,11,47.6539783,-122.3072961,912000000,-60.0
46,12,47.6539783,-122.3072961,913000000,-59.5
46,13,47.6539783,-122.3072961,914000000,-61.5
46,14,47.6539783,-122.3072961,915000000,-63.0
46,15,47.6539783,-122.3072961,916000000,-60.0
46,16,47.6539783,-122.3072961,917000000,-60.5
46,17,47.6539783,-122.3072961,918000000,-65.0
46,18,47.6539783,-122.3072961,919000000,-64.5
46,19,47.6539783,-122.3072961,920000000,-63.0
46,20,47.6539783,-122.3072961,921000000,-65.0
46,21,47.6539783,-122.3072961,922000000,-68.5
46,22,47.6539783,-122.3072961,923000000,-68.0
46,23,47.6539783,-122.3072961,924000000,-70.0
46,24,47.6539783,-122.3072961,925000000,-66.0
46,25,47.6539783,-122.3072961,926000000,-72.0
46,26,47.6539783,-122.3072961,927000000,-74.0
46,27,47.6539783,-122.3072961,927937500,-68.5
47,1,47.6540690,-122.3069781,902062500,-67.5
47,2,47.6540690,-122.3069781,903000000,-69.0
47,3,47.6540690,-122.3069781,904000000,-81.0
47,4,47.6540690,-122.3069781,905000000,-74.5
47,5,47.6540690,-122.3069781,906000000,-72.0
47,6,47.6540690,-122.3069781,907000000,-81.5
47,7,47.6540690,-122.3069781,908000000,-68.5
47,8,47.6540690,-122.3069781,909000000,-68.0
47,9,47.6540690,-122.3069781,910000000,-78.5
47,10,47.6540690,-122.3069781,911000000,-64.5
47,11,47.6540690,-122.3069781,912000000,-64.5
47,12,47.6540690,-122.3069781,913000000,-64.5
47,13,47.6540690,-122.3069781,914000000,-71.5
47,14,47.6540690,-122.3069781,915000000,-56.5
47,15,47.6540690,-122.3069781,916000000,-61.5
47,16,47.6540690,-122.3069781,917000000,-67.5
47,17,47.6540690,-122.3069781,918000000,-67.0
47,18,47.6540690,-122.3069781,919000000,-61.5
47,19,47.6540690,-122.3069781,920000000,-62.0
47,20,47.6540690,-122.3069781,921000000,-74.0
47,21,47.6540690,-122.3069781,922000000,-68.5
47,22,47.6540690,-122.3069781,923000000,-70.5
47,23,47.6540690,-122.3069781,924000000,-66.5
47,24,47.6540690,-122.3069781,925000000,-72.0
47,25,47.6540690,-122.3069781,926000000,-65.5
47,26,47.6540690,-122.3069781,927000000,-69.5
47,27,47.6540690,-122.3069781,927937500,-73.0
48,1,47.6540177,-122.3067900,902062500,-63.0
48,2,47.6540177,-122.3067900,903000000,-61.0
48,3,47.6540177,-122.3067900,904000000,-64.5
48,4,47.6540177,-122.3067900,905000000,-64.0
48,5,47.6540177,-122.3067900,906000000,-60.5
48,6,47.6540177,-122.3067900,907000000,-60.0
48,7,47.6540177,-122.3067900,908000000,-61.0
48,8,47.6540177,-122.3067900,909000000,-66.0
48,9,47.6540177,-122.3067900,910000000,-63.0
48,10,47.6540177,-122.3067900,911000000,-63.0
48,11,47.6540177,-122.3067900,912000000,-60.5
48,12,47.6540177,-122.3067900,913000000,-61.0
48,13,47.6540177,-122.3067900,914000000,-67.0
48,14,47.6540177,-122.3067900,915000000,-66.5
48,15,47.6540177,-122.3067900,916000000,-61.5
48,16,47.6540177,-122.3067900,917000000,-67.0
48,17,47.6540177,-122.3067900,918000000,-64.5
48,18,47.6540177,-122.3067900,919000000,-65.0
48,19,47.6540177,-122.3067900,920000000,-62.5
48,20,47.6540177,-122.3067900,921000000,-63.5
48,21,47.6540177,-122.3067900,922000000,-62.5
48,22,47.6540177,-122.3067900,923000000,-63.0
48,23,47.6540177,-122.3067900,924000000,-68.0
48,24,47.6540177,-122.3067900,925000000,-63.5
48,25,47.6540177,-122.3067900,926000000,-69.0
48,26,47.6540177,-122.3067900,927000000,-74.0
48,27,47.6540177,-122.3067900,927937500,-71.0
49,1,47.6538297,-122.3070165,902062500,-66.5
49,2,47.6538297,-122.3070165,903000000,-67.0
49,3,47.6538297,-122.3070165,904000000,-76.5
49,4,47.6538297,-122.3070165,905000000,-68.0
49,5,47.6538297,-122.3070165,906000000,-64.0
49,6,47.6538297,-122.3070165,907000000,-64.5
49,7,47.6538297,-122.3070165,908000000,-64.0
49,8,47.6538297,-122.3070165,909000000,-70.0
49,9,47.6538297,-122.3070165,910000000,-68.0
49,10,47.6538297,-122.3070165,911000000,-72.5
49,11,47.6538297,-122.3070165,912000000,-70.0
49,12,47.6538297,-122.3070165,913000000,-71.0
49,13,47.6538297,-122.3070165,914000000,-70.0
49,14,47.6538297,-122.3070165,915000000,-71.0
49,15,47.6538297,-122.3070165,916000000,-74.0
49,16,47.6538297,-122.3070165,917000000,-75.0
49,17,47.6538297,-122.3070165,918000000,-69.0
49,18,47.6538297,-122.3070165,919000000,-64.5
49,19,47.6538297,-122.3070165,920000000,-69.5
49,20,47.6538297,-122.3070165,921000000,-72.0
49,21,47.6538297,-122.3070165,922000000,-70.0
49,22,47.6538297,-122.3070165,923000000,-66.0
49,23,47.6538297,-122.3070165,924000000,-63.5
49,24,47.6538297,-122.3070165,925000000,-64.5
49,25,47.6538297,-122.3070165,926000000,-62.0
49,26,47.6538297,-122.3070165,927000000,-64.5
49,27,47.6538297,-122.3070165,927937500,-69.0
50,1,47.6537657,-122.3069650,902062500,-69.0
50,2,47.6537657,-122.3069650,903000000,-72.5
50,3,47.6537657,-122.3069650,904000000,-78.5
50,4,47.6537657,-122.3069650,905000000,-79.5
50,5,47.6537657,-122.3069650,906000000,-86.5
50,6,47.6537657,-122.3069650,907000000,-70.5
50,7,47.6537657,-122.3069650,908000000,-73.5
50,8,47.6537657,-122.3069650,909000000,-71.5
50,9,47.6537657,-122.3069650,910000000,-83.0
50,10,47.6537657,-122.3069650,911000000,-75.5
50,11,47.6537657,-122.3069650,912000000,-81.5
50,12,47.6537657,-122.3069650,913000000,-84.5
50,13,47.6537657,-122.3069650,914000000,-84.0
50,14,47.6537657,-122.3069650,915000000,-80.0
50,15,47.6537657,-122.3069650,916000000,-72.0
50,16,47.6537657,-122.3069650,917000000,-75.5
50,17,47.6537657,-122.3069650,918000000,-68.0
50,18,47.6537657,-122.3069650,919000000,-72.0
50,19,47.6537657,-122.3069650,920000000,-77.0
50,20,47.6537657,-122.3069650,921000000,-75.0
50,21,47.6537657,-122.3069650,922000000,-78.5
50,22,47.6537657,-122.3069650,923000000,-76.5
50,23,47.6537657,-122.3069650,924000000,-71.0
50,24,47.6537657,-122.3069650,925000000,-74.5
50,25,47.6537657,-122.3069650,926000000,-77.5
50,26,47.6537657,-122.3069650,927000000,-70.0
50,27,47.6537657,-122.3069650,927937500,-74.5
51,1,47.6541716,-122.3070557,902062500,-58.5
51,2,47.6541716,-122.3070557,903000000,-57.5
51,3,47.6541716,-122.3070557,904000000,-63.0
51,4,47.6541716,-122.3070557,905000000,-59.5
51,5,47.6541716,-122.3070557,906000000,-64.5
51,6,47.6541716,-122.3070557,907000000,-65.5
51,7,47.6541716,-122.3070557,908000000,-60.0
51,8,47.6541716,-122.3070557,909000000,-61.5
51,9,47.6541716,-122.3070557,910000000,-61.0
51,10,47.6541716,-122.3070557,911000000,-57.5
51,11,47.6541716,-122.3070557,912000000,-58.0
51,12,47.6541716,-122.3070557,913000000,-57.0
51,13,47.6541716,-122.3070557,914000000,-56.0
51,14,47.6541716,-122.3070557,915000000,-58.0
51,15,47.6541716,-122.3070557,916000000,-57.0
51,16,47.6541716,-122.3070557,917000000,-56.0
51,17,47.6541716,-122.3070557,918000000,-57.0
51,18,47.6541716,-122.3070557,919000000,-56.0
51,19,47.6541716,-122.3070557,920000000,-56.5
51,20,47.6541716,-122.3070557,921000000,-59.5
51,21,47.6541716,-122.3070557,922000000,-59.0
51,22,47.6541716,-122.3070557,923000000,-60.0
51,23,47.6541716,-122.3070557,924000000,-61.0
51,24,47.6541716,-122.3070557,925000000,-60.5
51,25,47.6541716,-122.3070557,926000000,-63.0
51,26,47.6541716,-122.3070557,927000000,-60.5
51,27,47.6541716,-122.3070557,927937500,-58.0
52,1,47.6541403,-122.3072100,902062500,-57.0
52,2,47.6541403,-122.3072100,903000000,-57.0
52,3,47.6541403,-122.3072100,904000000,-58.5
52,4,47.6541403,-122.3072100,905000000,-60.0
52,5,47.6541403,-122.3072100,906000000,-56.0
52,6,47.6541403,-122.3072100,907000000,-60.0
52,7,47.6541403,-122.3072100,908000000,-58.0
52,8,47.6541403,-122.3072100,909000000,-58.0
52,9,47.6541403,-122.3072100,910000000,-58.5
52,10,47.6541403,-122.3072100,911000000,-59.0
52,11,47.6541403,-122.3072100,912000000,-62.5
52,12,47.6541403,-122.3072100,913000000,-59.0
52,13,47.6541403,-122.3072100,914000000,-58.5
52,14,47.6541403,-122.3072100,915000000,-71.5
52,15,47.6541403,-122.3072100,916000000,-59.0
52,16,47.6541403,-122.3072100,917000000,-52.0
52,17,47.6541403,-122.3072100,918000000,-59.0
52,18,47.6541403,-122.3072100,919000000,-60.0
52,19,47.6541403,-122.3072100,920000000,-61.5
52,20,47.6541403,-122.3072100,921000000,-58.0
52,21,47.6541403,-122.3072100,922000000,-61.0
52,22,47.6541403,-122.3072100,923000000,-60.0
52,23,47.6541403,-122.3072100,924000000,-61.0
52,24,47.6541403,-122.3072100,925000000,-63.5
52,25,47.6541403,-122.3072100,926000000,-60.5
52,26,47.6541403,-122.3072100,927000000,-64.0
52,27,47.6541403,-122.3072100,927937500,-62.0
53,1,47.6542222,-122.3069595,902062500,-60.0
53,2,47.6542222,-122.3069595,903000000,-64.5
53,3,47.6542222,-122.3069595,904000000,-61.0
53,4,47.6542222,-122.3069595,905000000,-63.0
53,5,47.6542222,-122.3069595,906000000,-66.0
53,6,47.6542222,-122.3069595,907000000,-63.0
53,7,47.6542222,-122.3069595,908000000,-63.5
53,8,47.6542222,-122.3069595,909000000,-64.0
53,9,47.6542222,-122.3069595,910000000,-62.5
53,10,47.6542222,-122.3069595,911000000,-65.0
53,11,47.6542222,-122.3069595,912000000,-63.5
53,12,47.6542222,-122.3069595,913000000,-63.0
53,13,47.6542222,-122.3069595,914000000,-60.0
53,14,47.6542222,-122.3069595,915000000,-64.0
53,15,47.6542222,-122.3069595,916000000,-66.0
53,16,47.6542222,-122.3069595,917000000,-66.0
53,17,47.6542222,-122.3069595,918000000,-64.0
53,18,47.6542222,-122.3069595,919000000,-64.0
53,19,47.6542222,-122.3069595,920000000,-64.0
53,20,47.6542222,-122.3069595,921000000,-63.0
53,21,47.6542222,-122.3069595,922000000,-64.5
53,22,47.6542222,-122.3069595,923000000,-59.5
53,23,47.6542222,-122.3069595,924000000,-60.5
53,24,47.6542222,-122.3069595,925000000,-63.0
53,25,47.6542222,-122.3069595,926000000,-62.5
53,26,47.6542222,-122.3069595,927000000,-65.0
53,27,47.6542222,-122.3069595,927937500,-65.0
54,1,47.6542059,-122.3072824,902062500,-50.0
54,2,47.6542059,-122.3072824,903000000,-49.0
54,3,47.6542059,-122.3072824,904000000,-48.5
54,4,47.6542059,-122.3072824,905000000,-48.5
54,5,47.6542059,-122.3072824,906000000,-49.0
54,6,47.6542059,-122.3072824,907000000,-49.5
54,7,47.6542059,-122.3072824,908000000,-49.0
54,8,47.6542059,-122.3072824,909000000,-48.0
54,9,47.6542059,-122.3072824,910000000,-50.0
54,10,47.6542059,-122.3072824,911000000,-51.0
54,11,47.6542059,-122.3072824,912000000,-50.0
54,12,47.6542059,-122.3072824,913000000,-51.0
54,13,47.6542059,-122.3072824,914000000,-51.5
54,14,47.6542059,-122.3072824,915000000,-52.5
54,15,47.6542059,-122.3072824,916000000,-53.0
54,16,47.6542059,-122.3072824,917000000,-54.0
54,17,47.6542059,-122.3072824,918000000,-53.5
54,18,47.6542059,-122.3072824,919000000,-53.5
54,19,47.6542059,-122.3072824,920000000,-56.5
54,20,47.6542059,-122.3072824,921000000,-54.5
54,21,47.6542059,-122.3072824,922000000,-54.0
54,22,47.6542059,-122.3072824,923000000,-53.0
54,23,47.6542059,-122.3072824,924000000,-54.0
54,24,47.6542059,-122.3072824,925000000,-53.0
54,25,47.6542059,-122.3072824,926000000,-52.0
54,26,47.6542059,-122.3072824,927000000,-53.0
54,27,47.6542059,-122.3072824,927937500,-52.0
55,1,47.6543157,-122.3069662,902062500,-63.5
55,2,47.6543157,-122.3069662,903000000,-58.5
55,3,47.6543157,-122.3069662,904000000,-56.5
55,4,47.6543157,-122.3069662,905000000,-57.5
55,5,47.6543157,-122.3069662,906000000,-58.0
55,6,47.6543157,-122.3069662,907000000,-57.0
55,7,47.6543157,-122.3069662,908000000,-57.0
55,8,47.6543157,-122.3069662,909000000,-61.0
55,9,47.6543157,-122.3069662,910000000,-67.0
55,10,47.6543157,-122.3069662,911000000,-63.0
55,11,47.6543157,-122.3069662,912000000,-68.5
55,12,47.6543157,-122.3069662,913000000,-75.0
55,13,47.6543157,-122.3069662,914000000,-60.5
55,14,47.6543157,-122.3069662,915000000,-63.5
55,15,47.6543157,-122.3069662,916000000,-58.0
55,16,47.6543157,-122.3069662,917000000,-57.5
55,17,47.6543157,-122.3069662,918000000,-57.0
55,18,47.6543157,-122.3069662,919000000,-58.0
55,19,47.6543157,-122.3069662,920000000,-58.0
55,20,47.6543157,-122.3069662,921000000,-58.0
55,21,47.6543157,-122.3069662,922000000,-57.0
55,22,47.6543157,-122.3069662,923000000,-56.5
55,23,47.6543157,-122.3069662,924000000,-57.0
55,24,47.6543157,-122.3069662,925000000,-60.0
55,25,47.6543157,-122.3069662,926000000,-61.0
55,26,47.6543157,-122.3069662,927000000,-60.0
55,27,47.6543157,-122.3069662,927937500,-60.0
56,1,47.6543426,-122.3071942,902062500,-61.0
56,2,47.6543426,-122.3071942,903000000,-64.0
56,3,47.6543426,-122.3071942,904000000,-74.0
56,4,47.6543426,-122.3071942,905000000,-70.5
56,5,47.6543426,-122.3071942,906000000,-64.5
56,6,47.6543426,-122.3071942,907000000,-61.0
56,7,47.6543426,-122.3071942,908000000,-65.5
56,8,47.6543426,-122.3071942,909000000,-69.0
56,9,47.6543426,-122.3071942,910000000,-62.5
56,10,47.6543426,-122.3071942,911000000,-59.5
56,11,47.6543426,-122.3071942,912000000,-59.0
56,12,47.6543426,-122.3071942,913000000,-66.5
56,13,47.6543426,-122.3071942,914000000,-62.0
56,14,47.6543426,-122.3071942,915000000,-63.5
56,15,47.6543426,-122.3071942,916000000,-61.0
56,16,47.6543426,-122.3071942,917000000,-64.0
56,17,47.6543426,-122.3071942,918000000,-70.0
56,18,47.6543426,-122.3071942,919000000,-73.0
56,19,47.6543426,-122.3071942,920000000,-79.5
56,20,47.6543426,-122.3071942,921000000,-70.0
56,21,47.6543426,-122.3071942,922000000,-78.5
56,22,47.6543426,-122.3071942,923000000,-64.5
56,23,47.6543426,-122.3071942,924000000,-71.0
56,24,47.6543426,-122.3071942,925000000,-65.5
56,25,47.6543426,-122.3071942,926000000,-65.5
56,26,47.6543426,-122.3071942,927000000,-64.0
56,27,47.6543426,-122.3071942,927937500,-65.5
57,1,47.6539189,-122.3070625,902062500,-71.5
57,2,47.6539189,-122.3070625,903000000,-70.0
57,3,47.6539189,-122.3070625,904000000,-68.5
57,4,47.6539189,-122.3070625,905000000,-68.0
57,5,47.6539189,-122.3070625,906000000,-82.0
57,6,47.6539189,-122.3070625,907000000,-84.0
57,7,47.6539189,-122.3070625,908000000,-66.0
57,8,47.6539189,-122.3070625,909000000,-65.0
57,9,47.6539189,-122.3070625,910000000,-66.5
57,10,47.6539189,-122.3070625,911000000,-76.5
57,11,47.6539189,-122.3070625,912000000,-65.0
57,12,47.6539189,-122.3070625,913000000,-65.0
57,13,47.6539189,-122.3070625,914000000,-64.0
57,14,47.6539189,-122.3070625,915000000,-68.0
57,15,47.6539189,-122.3070625,916000000,-67.5
57,16,47.6539189,-122.3070625,917000000,-64.0
57,17,47.6539189,-122.3070625,918000000,-63.5
57,18,47.6539189,-122.3070625,919000000,-69.5
57,19,47.6539189,-122.3070625,920000000,-73.0
57,20,47.6539189,-122.3070625,921000000,-70.0
57,21,47.6539189,-122.3070625,922000000,-63.0
57,22,47.6539189,-122.3070625,923000000,-73.5
57,23,47.6539189,-122.3070625,924000000,-77.5
57,24,47.6539189,-122.3070625,925000000,-68.0
57,25,47.6539189,-122.3070625,926000000,-68.0
57,26,47.6539189,-122.3070625,927000000,-65.0
57,27,47.6539189,-122.3070625,927937500,-66.5
58,1,47.6538827,-122.3068840,902062500,-72.0
58,2,47.6538827,-122.3068840,903000000,-70.0
58,3,47.6538827,-122.3068840,904000000,-70.5
58,4,47.6538827,-122.3068840,905000000,-69.5
58,5,47.6538827,-122.3068840,906000000,-67.5
58,6,47.6538827,-122.3068840,907000000,-69.5
58,7,47.6538827,-122.3068840,908000000,-73.0
58,8,47.6538827,-122.3068840,909000000,-73.0
58,9,47.6538827,-122.3068840,910000000,-70.0
58,10,47.6538827,-122.3068840,911000000,-64.5
58,11,47.6538827,-122.3068840,912000000,-68.0
58,12,47.6538827,-122.3068840,913000000,-78.5
58,13,47.6538827,-122.3068840,914000000,-88.0
58,14,47.6538827,-122.3068840,915000000,-76.5
58,15,47.6538827,-122.3068840,916000000,-76.0
58,16,47.6538827,-122.3068840,917000000,-79.5
58,17,47.6538827,-122.3068840,918000000,-73.0
58,18,47.6538827,-122.3068840,919000000,-89.0
58,19,47.6538827,-122.3068840,920000000,-76.5
58,20,47.6538827,-122.3068840,921000000,-73.5
58,21,47.6538827,-122.3068840,922000000,-74.0
58,22,47.6538827,-122.3068840,923000000,-74.5
58,23,47.6538827,-122.3068840,924000000,-75.0
58,24,47.6538827,-122.3068840,925000000,-76.0
58,25,47.6538827,-122.3068840,926000000,-81.0
58,26,47.6538827,-122.3068840,927000000,-78.5
58,27,47.6538827,-122.3068840,927937500,-71.0
59,1,47.6538967,-122.3063714,902062500,-72.0
59,2,47.6538967,-122.3063714,903000000,-70.0
59,3,47.6538967,-122.3063714,904000000,-70.5
59,4,47.6538967,-122.3063714,905000000,-69.5
59,5,47.6538967,-122.3063714,906000000,-67.5
59,6,47.6538967,-122.3063714,907000000,-69.5
59,7,47.6538967,-122.3063714,908000000,-73.0
59,8,47.6538967,-122.3063714,909000000,-73.0
59,9,47.6538967,-122.3063714,910000000,-70.0
59,10,47.6538967,-122.3063714,911000000,-64.5
59,11,47.6538967,-122.3063714,912000000,-68.0
59,12,47.6538967,-122.3063714,913000000,-78.5
59,13,47.6538967,-122.3063714,914000000,-88.0
59,14,47.6538967,-122.3063714,915000000,-76.5
59,15,47.6538967,-122.3063714,916000000,-76.0
59,16,47.6538967,-122.3063714,917000000,-79.5
59,17,47.6538967,-122.3063714,918000000,-73.0
59,18,47.6538967,-122.3063714,919000000,-89.0
59,19,47.6538967,-122.3063714,920000000,-76.5
59,20,47.6538967,-122.3063714,921000000,-73.5
59,21,47.6538967,-122.3063714,922000000,-74.0
59,22,47.6538967,-122.3063714,923000000,-74.5
59,23,47.6538967,-122.3063714,924000000,-75.0
59,24,47.6538967,-122.3063714,925000000,-76.0
59,25,47.6538967,-122.3063714,926000000,-81.0
59,26,47.6538967,-122.3063714,927000000,-78.5
59,27,47.6538967,-122.3063714,927937500,-71.0
60,1,47.6541339,-122.3067231,902062500,-71.0
60,2,47.6541339,-122.3067231,903000000,-68.0
60,3,47.6541339,-122.3067231,904000000,-64.0
60,4,47.6541339,-122.3067231,905000000,-64.5
60,5,47.6541339,-122.3067231,906000000,-68.0
60,6,47.6541339,-122.3067231,907000000,-67.0
60,7,47.6541339,-122.3067231,908000000,-67.0
60,8,47.6541339,-122.3067231,909000000,-76.5
60,9,47.6541339,-122.3067231,910000000,-71.5
60,10,47.6541339,-122.3067231,911000000,-68.0
60,11,47.6541339,-122.3067231,912000000,-71.0
60,12,47.6541339,-122.3067231,913000000,-77.0
60,13,47.6541339,-122.3067231,914000000,-67.0
60,14,47.6541339,-122.3067231,915000000,-85.0
60,15,47.6541339,-122.3067231,916000000,-64.0
60,16,47.6541339,-122.3067231,917000000,-66.0
60,17,47.6541339,-122.3067231,918000000,-65.0
60,18,47.6541339,-122.3067231,919000000,-68.0
60,19,47.6541339,-122.3067231,920000000,-67.5
60,20,47.6541339,-122.3067231,921000000,-73.5
60,21,47.6541339,-122.3067231,922000000,-67.0
60,22,47.6541339,-122.3067231,923000000,-79.0
60,23,47.6541339,-122.3067231,924000000,-67.0
60,24,47.6541339,-122.3067231,925000000,-65.5
60,25,47.6541339,-122.3067231,926000000,-72.0
60,26,47.6541339,-122.3067231,927000000,-65.0
60,27,47.6541339,-122.3067231,927937500,-70.0
61,1,47.6545390,-122.3069618,902062500,-59.0
61,2,47.6545390,-122.3069618,903000000,-56.0
61,3,47.6545390,-122.3069618,904000000,-54.5
61,4,47.6545390,-122.3069618,905000000,-56.0
61,5,47.6545390,-122.3069618,906000000,-58.0
61,6,47.6545390,-122.3069618,907000000,-66.5
61,7,47.6545390,-122.3069618,908000000,-69.0
61,8,47.6545390,-122.3069618,909000000,-59.0
61,9,47.6545390,-122.3069618,910000000,-56.0
61,10,47.6545390,-122.3069618,911000000,-51.0
61,11,47.6545390,-122.3069618,912000000,-54.5
61,12,47.6545390,-122.3069618,913000000,-57.0
61,13,47.6545390,-122.3069618,914000000,-59.0
61,14,47.6545390,-122.3069618,915000000,-60.5
61,15,47.6545390,-122.3069618,916000000,-55.5
61,16,47.6545390,-122.3069618,917000000,-57.0
61,17,47.6545390,-122.3069618,918000000,-60.0
61,18,47.6545390,-122.3069618,919000000,-60.0
61,19,47.6545390,-122.3069618,920000000,-57.0
61,20,47.6545390,-122.3069618,921000000,-60.0
61,21,47.6545390,-122.3069618,922000000,-57.0
61,22,47.6545390,-122.3069618,923000000,-65.5
61,23,47.6545390,-122.3069618,924000000,-59.0
61,24,47.6545390,-122.3069618,925000000,-57.0
61,25,47.6545390,-122.3069618,926000000,-57.0
61,26,47.6545390,-122.3069618,927000000,-55.0
61,27,47.6545390,-122.3069618,927937500,-56.0
62,1,47.6546730,-122.3070356,902062500,-58.5
62,2,47.6546730,-122.3070356,903000000,-61.5
62,3,47.6546730,-122.3070356,904000000,-54.0
62,4,47.6546730,-122.3070356,905000000,-53.0
62,5,47.6546730,-122.3070356,906000000,-53.0
62,6,47.6546730,-122.3070356,907000000,-54.0
62,7,47.6546730,-122.3070356,908000000,-63.5
62,8,47.6546730,-122.3070356,909000000,-67.5
62,9,47.6546730,-122.3070356,910000000,-59.0
62,10,47.6546730,-122.3070356,911000000,-55.0
62,11,47.6546730,-122.3070356,912000000,-53.0
62,12,47.6546730,-122.3070356,913000000,-53.0
62,13,47.6546730,-122.3070356,914000000,-53.0
62,14,47.6546730,-122.3070356,915000000,-59.0
62,15,47.6546730,-122.3070356,916000000,-63.5
62,16,47.6546730,-122.3070356,917000000,-57.0
62,17,47.6546730,-122.3070356,918000000,-56.5
62,18,47.6546730,-122.3070356,919000000,-66.0
62,19,47.6546730,-122.3070356,920000000,-64.5
62,20,47.6546730,-122.3070356,921000000,-61.5
62,21,47.6546730,-122.3070356,922000000,-60.5
62,22,47.6546730,-122.3070356,923000000,-58.0
62,23,47.6546730,-122.3070356,924000000,-55.5
62,24,47.6546730,-122.3070356,925000000,-55.5
62,25,47.6546730,-122.3070356,926000000,-58.0
62,26,47.6546730,-122.3070356,927000000,-59.0
62,27,47.6546730,-122.3070356,927937500,-62.0
63,1,47.6547425,-122.3070966,902062500,-54.5
63,2,47.6547425,-122.3070966,903000000,-60.5
63,3,47.6547425,-122.3070966,904000000,-52.5
63,4,47.6547425,-122.3070966,905000000,-55.0
63,5,47.6547425,-122.3070966,906000000,-57.5
63,6,47.6547425,-122.3070966,907000000,-73.0
63,7,47.6547425,-122.3070966,908000000,-59.0
63,8,47.6547425,-122.3070966,909000000,-53.5
63,9,47.6547425,-122.3070966,910000000,-55.0
63,10,47.6547425,-122.3070966,911000000,-60.0
63,11,47.6547425,-122.3070966,912000000,-62.0
63,12,47.6547425,-122.3070966,913000000,-61.5
63,13,47.6547425,-122.3070966,914000000,-59.0
63,14,47.6547425,-122.3070966,915000000,-56.0
63,15,47.6547425,-122.3070966,916000000,-57.0
63,16,47.6547425,-122.3070966,917000000,-63.0
63,17,47.6547425,-122.3070966,918000000,-63.5
63,18,47.6547425,-122.3070966,919000000,-55.0
63,19,47.6547425,-122.3070966,920000000,-53.0
63,20,47.6547425,-122.3070966,921000000,-56.0
63,21,47.6547425,-122.3070966,922000000,-60.0
63,22,47.6547425,-122.3070966,923000000,-77.0
63,23,47.6547425,-122.3070966,924000000,-71.5
63,24,47.6547425,-122.3070966,925000000,-62.0
63,25,47.6547425,-122.3070966,926000000,-64.0
63,26,47.6547425,-122.3070966,927000000,-59.5
63,27,47.6547425,-122.3070966,927937500,-60.0
64,1,47.6548464,-122.3071707,902062500,-47.5
64,2,47.6548464,-122.3071707,903000000,-48.5
64,3,47.6548464,-122.3071707,904000000,-48.0
64,4,47.6548464,-122.3071707,905000000,-49.0
64,5,47.6548464,-122.3071707,906000000,-50.0
64,6,47.6548464,-122.3071707,907000000,-56.5
64,7,47.6548464,-122.3071707,908000000,-53.5
64,8,47.6548464,-122.3071707,909000000,-51.0
64,9,47.6548464,-122.3071707,910000000,-51.0
64,10,47.6548464,-122.3071707,911000000,-51.0
64,11,47.6548464,-122.3071707,912000000,-53.0
64,12,47.6548464,-122.3071707,913000000,-53.0
64,13,47.6548464,-122.3071707,914000000,-51.0
64,14,47.6548464,-122.3071707,915000000,-51.0
64,15,47.6548464,-122.3071707,916000000,-50.0
64,16,47.6548464,-122.3071707,917000000,-48.5
64,17,47.6548464,-122.3071707,918000000,-50.5
64,18,47.6548464,-122.3071707,919000000,-66.5
64,19,47.6548464,-122.3071707,920000000,-60.0
64,20,47.6548464,-122.3071707,921000000,-54.0
64,21,47.6548464,-122.3071707,922000000,-52.0
64,22,47.6548464,-122.3071707,923000000,-51.0
64,23,47.6548464,-122.3071707,924000000,-51.0
64,24,47.6548464,-122.3071707,925000000,-52.0
64,25,47.6548464,-122.3071707,926000000,-56.5
64,26,47.6548464,-122.3071707,927000000,-59.0
64,27,47.6548464,-122.3071707,927937500,-60.0
65,1,47.6548954,-122.3072002,902062500,-53.5
65,2,47.6548954,-122.3072002,903000000,-56.5
65,3,47.6548954,-122.3072002,904000000,-48.0
65,4,47.6548954,-122.3072002,905000000,-48.5
65,5,47.6548954,-122.3072002,906000000,-48.0
65,6,47.6548954,-122.3072002,907000000,-51.0
65,7,47.6548954,-122.3072002,908000000,-55.0
65,8,47.6548954,-122.3072002,909000000,-54.5
65,9,47.6548954,-122.3072002,910000000,-58.5
65,10,47.6548954,-122.3072002,911000000,-63.0
65,11,47.6548954,-122.3072002,912000000,-58.0
65,12,47.6548954,-122.3072002,913000000,-59.5
65,13,47.6548954,-122.3072002,914000000,-61.5
65,14,47.6548954,-122.3072002,915000000,-57.5
65,15,47.6548954,-122.3072002,916000000,-59.5
65,16,47.6548954,-122.3072002,917000000,-54.0
65,17,47.6548954,-122.3072002,918000000,-56.0
65,18,47.6548954,-122.3072002,919000000,-55.0
65,19,47.6548954,-122.3072002,920000000,-55.0
65,20,47.6548954,-122.3072002,921000000,-54.0
65,21,47.6548954,-122.3072002,922000000,-60.0
65,22,47.6548954,-122.3072002,923000000,-63.0
65,23,47.6548954,-122.3072002,924000000,-60.0
65,24,47.6548954,-122.3072002,925000000,-58.5
65,25,47.6548954,-122.3072002,926000000,-57.5
65,26,47.6548954,-122.3072002,927000000,-52.0
65,27,47.6548954,-122.3072002,927937500,-57.0
66,1,47.6549325,-122.3072217,902062500,-49.5
66,2,47.6549325,-122.3072217,903000000,-51.0
66,3,47.6549325,-122.3072217,904000000,-54.0
66,4,47.6549325,-122.3072217,905000000,-57.5
66,5,47.6549325,-122.3072217,906000000,-67.0
66,6,47.6549325,-122.3072217,907000000,-59.0
66,7,47.6549325,-122.3072217,908000000,-50.5
66,8,47.6549325,-122.3072217,909000000,-52.0
66,9,47.6549325,-122.3072217,910000000,-50.0
66,10,47.6549325,-122.3072217,911000000,-49.0
66,11,47.6549325,-122.3072217,912000000,-48.5
66,12,47.6549325,-122.3072217,913000000,-48.5
66,13,47.6549325,-122.3072217,914000000,-51.5
66,14,47.6549325,-122.3072217,915000000,-55.0
66,15,47.6549325,-122.3072217,916000000,-68.5
66,16,47.6549325,-122.3072217,917000000,-55.0
66,17,47.6549325,-122.3072217,918000000,-56.0
66,18,47.6549325,-122.3072217,919000000,-58.0
66,19,47.6549325,-122.3072217,920000000,-54.0
66,20,47.6549325,-122.3072217,921000000,-51.0
66,21,47.6549325,-122.3072217,922000000,-50.5
66,22,47.6549325,-122.3072217,923000000,-48.5
66,23,47.6549325,-122.3072217,924000000,-48.5
66,24,47.6549325,-122.3072217,925000000,-48.0
66,25,47.6549325,-122.3072217,926000000,-49.0
66,26,47.6549325,-122.3072217,927000000,-51.0
66,27,47.6549325,-122.3072217,927937500,-53.0
67,1,47.6550890,-122.3073333,902062500,-55.0
67,2,47.6550890,-122.3073333,903000000,-53.0
67,3,47.6550890,-122.3073333,904000000,-52.0
67,4,47.6550890,-122.3073333,905000000,-53.0
67,5,47.6550890,-122.3073333,906000000,-53.0
67,6,47.6550890,-122.3073333,907000000,-51.0
67,7,47.6550890,-122.3073333,908000000,-51.5
67,8,47.6550890,-122.3073333,909000000,-51.0
67,9,47.6550890,-122.3073333,910000000,-53.5
67,10,47.6550890,-122.3073333,911000000,-54.5
67,11,47.6550890,-122.3073333,912000000,-54.5
67,12,47.6550890,-122.3073333,913000000,-68.0
67,13,47.6550890,-122.3073333,914000000,-61.0
67,14,47.6550890,-122.3073333,915000000,-67.5
67,15,47.6550890,-122.3073333,916000000,-58.0
67,16,47.6550890,-122.3073333,917000000,-53.0
67,17,47.6550890,-122.3073333,918000000,-53.0
67,18,47.6550890,-122.3073333,919000000,-57.0
67,19,47.6550890,-122.3073333,920000000,-57.0
67,20,47.6550890,-122.3073333,921000000,-53.0
67,21,47.6550890,-122.3073333,922000000,-52.0
67,22,47.6550890,-122.3073333,923000000,-51.0
67,23,47.6550890,-122.3073333,924000000,-53.0
67,24,47.6550890,-122.3073333,925000000,-55.0
67,25,47.6550890,-122.3073333,926000000,-60.0
67,26,47.6550890,-122.3073333,927000000,-59.0
67,27,47.6550890,-122.3073333,927937500,-61.0
68,1,47.6551357,-122.3073621,902062500,-56.5
68,2,47.6551357,-122.3073621,903000000,-56.5
68,3,47.6551357,-122.3073621,904000000,-58.5
68,4,47.6551357,-122.3073621,905000000,-59.0
68,5,47.6551357,-122.3073621,906000000,-56.0
68,6,47.6551357,-122.3073621,907000000,-52.5
68,7,47.6551357,-122.3073621,908000000,-52.0
68,8,47.6551357,-122.3073621,909000000,-51.0
68,9,47.6551357,-122.3073621,910000000,-55.0
68,10,47.6551357,-122.3073621,911000000,-59.5
68,11,47.6551357,-122.3073621,912000000,-73.0
68,12,47.6551357,-122.3073621,913000000,-58.0
68,13,47.6551357,-122.3073621,914000000,-54.0
68,14,47.6551357,-122.3073621,915000000,-56.5
68,15,47.6551357,-122.3073621,916000000,-56.0
68,16,47.6551357,-122.3073621,917000000,-58.0
68,17,47.6551357,-122.3073621,918000000,-54.0
68,18,47.6551357,-122.3073621,919000000,-53.0
68,19,47.6551357,-122.3073621,920000000,-56.0
68,20,47.6551357,-122.3073621,921000000,-55.0
68,21,47.6551357,-122.3073621,922000000,-56.0
68,22,47.6551357,-122.3073621,923000000,-53.0
68,23,47.6551357,-122.3073621,924000000,-51.0
68,24,47.6551357,-122.3073621,925000000,-51.0
68,25,47.6551357,-122.3073621,926000000,-51.0
68,26,47.6551357,-122.3073621,927000000,-54.0
68,27,47.6551357,-122.3073621,927937500,-56.0
69,1,47.6552100,-122.3074309,902062500,-58.0
69,2,47.6552100,-122.3074309,903000000,-56.0
69,3,47.6552100,-122.3074309,904000000,-55.5
69,4,47.6552100,-122.3074309,905000000,-52.5
69,5,47.6552100,-122.3074309,906000000,-50.5
69,6,47.6552100,-122.3074309,907000000,-51.5
69,7,47.6552100,-122.3074309,908000000,-54.0
69,8,47.6552100,-122.3074309,909000000,-54.0
69,9,47.6552100,-122.3074309,910000000,-59.0
69,10,47.6552100,-122.3074309,911000000,-57.5
69,11,47.6552100,-122.3074309,912000000,-56.5
69,12,47.6552100,-122.3074309,913000000,-57.0
69,13,47.6552100,-122.3074309,914000000,-62.0
69,14,47.6552100,-122.3074309,915000000,-65.5
69,15,47.6552100,-122.3074309,916000000,-59.0
69,16,47.6552100,-122.3074309,917000000,-57.0
69,17,47.6552100,-122.3074309,918000000,-56.0
69,18,47.6552100,-122.3074309,919000000,-58.0
69,19,47.6552100,-122.3074309,920000000,-57.5
69,20,47.6552100,-122.3074309,921000000,-55.0
69,21,47.6552100,-122.3074309,922000000,-53.0
69,22,47.6552100,-122.3074309,923000000,-53.0
69,23,47.6552100,-122.3074309,924000000,-54.0
69,24,47.6552100,-122.3074309,925000000,-53.5
69,25,47.6552100,-122.3074309,926000000,-54.0
69,26,47.6552100,-122.3074309,927000000,-56.0
69,27,47.6552100,-122.3074309,927937500,-59.0
70,1,47.6551895,-122.3075214,902062500,-53.0
70,2,47.6551895,-122.3075214,903000000,-50.5
70,3,47.6551895,-122.3075214,904000000,-57.0
70,4,47.6551895,-122.3075214,905000000,-57.0
70,5,47.6551895,-122.3075214,906000000,-64.0
70,6,47.6551895,-122.3075214,907000000,-67.5
70,7,47.6551895,-122.3075214,908000000,-59.0
70,8,47.6551895,-122.3075214,909000000,-56.5
70,9,47.6551895,-122.3075214,910000000,-54.0
70,10,47.6551895,-122.3075214,911000000,-58.0
70,11,47.6551895,-122.3075214,912000000,-58.5
70,12,47.6551895,-122.3075214,913000000,-53.5
70,13,47.6551895,-122.3075214,914000000,-53.0
70,14,47.6551895,-122.3075214,915000000,-51.0
70,15,47.6551895,-122.3075214,916000000,-50.0
70,16,47.6551895,-122.3075214,917000000,-52.5
70,17,47.6551895,-122.3075214,918000000,-52.0
70,18,47.6551895,-122.3075214,919000000,-50.0
70,19,47.6551895,-122.3075214,920000000,-54.5
70,20,47.6551895,-122.3075214,921000000,-54.5
70,21,47.6551895,-122.3075214,922000000,-56.5
70,22,47.6551895,-122.3075214,923000000,-54.5
70,23,47.6551895,-122.3075214,924000000,-53.0
70,24,47.6551895,-122.3075214,925000000,-51.5
70,25,47.6551895,-122.3075214,926000000,-51.0
70,26,47.6551895,-122.3075214,927000000,-51.0
70,27,47.6551895,-122.3075214,927937500,-54.0
71,1,47.6552367,-122.3075566,902062500,-50.0
71,2,47.6552367,-122.3075566,903000000,-52.0
71,3,47.6552367,-122.3075566,904000000,-54.0
71,4,47.6552367,-122.3075566,905000000,-56.0
71,5,47.6552367,-122.3075566,906000000,-58.0
71,6,47.6552367,-122.3075566,907000000,-56.5
71,7,47.6552367,-122.3075566,908000000,-56.0
71,8,47.6552367,-122.3075566,909000000,-58.5
71,9,47.6552367,-122.3075566,910000000,-56.0
71,10,47.6552367,-122.3075566,911000000,-56.5
71,11,47.6552367,-122.3075566,912000000,-53.5
71,12,47.6552367,-122.3075566,913000000,-53.0
71,13,47.6552367,-122.3075566,914000000,-55.0
71,14,47.6552367,-122.3075566,915000000,-58.0
71,15,47.6552367,-122.3075566,916000000,-58.0
71,16,47.6552367,-122.3075566,917000000,-56.5
71,17,47.6552367,-122.3075566,918000000,-56.0
71,18,47.6552367,-122.3075566,919000000,-57.0
71,19,47.6552367,-122.3075566,920000000,-55.0
71,20,47.6552367,-122.3075566,921000000,-54.5
71,21,47.6552367,-122.3075566,922000000,-57.5
71,22,47.6552367,-122.3075566,923000000,-58.0
71,23,47.6552367,-122.3075566,924000000,-60.0
71,24,47.6552367,-122.3075566,925000000,-59.0
71,25,47.6552367,-122.3075566,926000000,-61.0
71,26,47.6552367,-122.3075566,927000000,-63.5
71,27,47.6552367,-122.3075566,927937500,-61.5
72,1,47.6552742,-122.3075798,903000000,-49.0
72,2,47.6552742,-122.3075798,904000000,-48.5
72,3,47.6552742,-122.3075798,905000000,-49.0
72,4,47.6552742,-122.3075798,906000000,-51.0
72,5,47.6552742,-122.3075798,907000000,-53.0
72,6,47.6552742,-122.3075798,908000000,-51.0
72,7,47.6552742,-122.3075798,909000000,-50.0
72,8,47.6552742,-122.3075798,910000000,-50.0
72,9,47.6552742,-122.3075798,911000000,-51.0
72,10,47.6552742,-122.3075798,912000000,-51.5
72,11,47.6552742,-122.3075798,913000000,-50.0
72,12,47.6552742,-122.3075798,914000000,-50.5
72,13,47.6552742,-122.3075798,915000000,-51.0
72,14,47.6552742,-122.3075798,916000000,-51.0
72,15,47.6552742,-122.3075798,917000000,-51.5
72,16,47.6552742,-122.3075798,918000000,-54.0
72,17,47.6552742,-122.3075798,919000000,-54.0
72,18,47.6552742,-122.3075798,920000000,-53.0
72,19,47.6552742,-122.3075798,921000000,-51.0
72,20,47.6552742,-122.3075798,922000000,-51.0
72,21,47.6552742,-122.3075798,923000000,-50.0
72,22,47.6552742,-122.3075798,924000000,-50.0
72,23,47.6552742,-122.3075798,925000000,-53.5
72,24,47.6552742,-122.3075798,926000000,-52.5
72,25,47.6552742,-122.3075798,927000000,-52.5
72,26,47.6552742,-122.3075798,927937500,-54.5
72,27,47.6552742,-122.3075798,902062500,-53.5
73,1,47.6553266,-122.3076354,903000000,-54.0
73,2,47.6553266,-122.3076354,904000000,-52.0
73,3,47.6553266,-122.3076354,905000000,-52.0
73,4,47.6553266,-122.3076354,906000000,-52.0
73,5,47.6553266,-122.3076354,907000000,-54.5
73,6,47.6553266,-122.3076354,908000000,-51.5
73,7,47.6553266,-122.3076354,909000000,-54.0
73,8,47.6553266,-122.3076354,910000000,-59.5
73,9,47.6553266,-122.3076354,911000000,-60.5
73,10,47.6553266,-122.3076354,912000000,-55.5
73,11,47.6553266,-122.3076354,913000000,-54.0
73,12,47.6553266,-122.3076354,914000000,-57.0
73,13,47.6553266,-122.3076354,915000000,-53.0
73,14,47.6553266,-122.3076354,916000000,-51.0
73,15,47.6553266,-122.3076354,917000000,-51.5
73,16,47.6553266,-122.3076354,918000000,-55.0
73,17,47.6553266,-122.3076354,919000000,-55.5
73,18,47.6553266,-122.3076354,920000000,-52.5
73,19,47.6553266,-122.3076354,921000000,-50.0
73,20,47.6553266,-122.3076354,922000000,-51.0
73,21,47.6553266,-122.3076354,923000000,-56.5
73,22,47.6553266,-122.3076354,924000000,-57.5
73,23,47.6553266,-122.3076354,925000000,-56.0
73,24,47.6553266,-122.3076354,926000000,-54.0
73,25,47.6553266,-122.3076354,927000000,-56.5
73,26,47.6553266,-122.3076354,927937500,-57.5
73,27,47.6553266,-122.3076354,902062500,-51.5
74,1,47.6553830,-122.3076921,902062500,-51.5
74,2,47.6553830,-122.3076921,903000000,-54.0
74,3,47.6553830,-122.3076921,904000000,-53.5
74,4,47.6553830,-122.3076921,905000000,-51.5
74,5,47.6553830,-122.3076921,906000000,-52.0
74,6,47.6553830,-122.3076921,907000000,-50.0
74,7,47.6553830,-122.3076921,908000000,-51.0
74,8,47.6553830,-122.3076921,909000000,-51.0
74,9,47.6553830,-122.3076921,910000000,-52.0
74,10,47.6553830,-122.3076921,911000000,-55.0
74,11,47.6553830,-122.3076921,912000000,-53.0
74,12,47.6553830,-122.3076921,913000000,-53.0
74,13,47.6553830,-122.3076921,914000000,-53.0
74,14,47.6553830,-122.3076921,915000000,-55.0
74,15,47.6553830,-122.3076921,916000000,-56.0
74,16,47.6553830,-122.3076921,917000000,-53.0
74,17,47.6553830,-122.3076921,918000000,-51.0
74,18,47.6553830,-122.3076921,919000000,-53.0
74,19,47.6553830,-122.3076921,920000000,-54.0
74,20,47.6553830,-122.3076921,921000000,-54.5
74,21,47.6553830,-122.3076921,922000000,-54.0
74,22,47.6553830,-122.3076921,923000000,-55.0
74,23,47.6553830,-122.3076921,924000000,-55.0
74,24,47.6553830,-122.3076921,925000000,-55.0
74,25,47.6553830,-122.3076921,926000000,-55.0
74,26,47.6553830,-122.3076921,927000000,-56.0
74,27,47.6553830,-122.3076921,927937500,-57.0
75,1,47.6553473,-122.3078275,902062500,-69.0
75,2,47.6553473,-122.3078275,903000000,-67.0
75,3,47.6553473,-122.3078275,904000000,-65.5
75,4,47.6553473,-122.3078275,905000000,-75.5
75,5,47.6553473,-122.3078275,906000000,-64.5
75,6,47.6553473,-122.3078275,907000000,-65.0
75,7,47.6553473,-122.3078275,908000000,-64.5
75,8,47.6553473,-122.3078275,909000000,-63.5
75,9,47.6553473,-122.3078275,910000000,-61.0
75,10,47.6553473,-122.3078275,911000000,-63.0
75,11,47.6553473,-122.3078275,912000000,-65.0
75,12,47.6553473,-122.3078275,913000000,-65.5
75,13,47.6553473,-122.3078275,914000000,-66.0
75,14,47.6553473,-122.3078275,915000000,-65.5
75,15,47.6553473,-122.3078275,916000000,-71.5
75,16,47.6553473,-122.3078275,917000000,-72.0
75,17,47.6553473,-122.3078275,918000000,-68.5
75,18,47.6553473,-122.3078275,919000000,-66.0
75,19,47.6553473,-122.3078275,920000000,-66.0
75,20,47.6553473,-122.3078275,921000000,-66.5
75,21,47.6553473,-122.3078275,922000000,-68.0
75,22,47.6553473,-122.3078275,923000000,-67.0
75,23,47.6553473,-122.3078275,924000000,-70.0
75,24,47.6553473,-122.3078275,925000000,-67.0
75,25,47.6553473,-122.3078275,926000000,-79.0
75,26,47.6553473,-122.3078275,927000000,-84.5
75,27,47.6553473,-122.3078275,927937500,-80.0
76,1,47.6551027,-122.3087160,902062500,-75.5
76,2,47.6551027,-122.3087160,903000000,-79.5
76,3,47.6551027,-122.3087160,904000000,-74.0
76,4,47.6551027,-122.3087160,905000000,-91.5
76,5,47.6551027,-122.3087160,906000000,-80.0
76,6,47.6551027,-122.3087160,907000000,-78.5
76,7,47.6551027,-122.3087160,908000000,-87.5
76,8,47.6551027,-122.3087160,909000000,-76.5
76,9,47.6551027,-122.3087160,910000000,-81.5
76,10,47.6551027,-122.3087160,911000000,-81.5
76,11,47.6551027,-122.3087160,912000000,-78.0
76,12,47.6551027,-122.3087160,913000000,-81.0
76,13,47.6551027,-122.3087160,914000000,-79.0
76,14,47.6551027,-122.3087160,915000000,-77.0
76,15,47.6551027,-122.3087160,916000000,-72.0
76,16,47.6551027,-122.3087160,917000000,-78.5
76,17,47.6551027,-122.3087160,918000000,-74.0
76,18,47.6551027,-122.3087160,919000000,-74.5
76,19,47.6551027,-122.3087160,920000000,-77.0
76,20,47.6551027,-122.3087160,921000000,-73.0
76,21,47.6551027,-122.3087160,922000000,-79.5
76,22,47.6551027,-122.3087160,923000000,-78.5
76,23,47.6551027,-122.3087160,924000000,-87.5
76,24,47.6551027,-122.3087160,925000000,-83.5
76,25,47.6551027,-122.3087160,926000000,-82.5
76,26,47.6551027,-122.3087160,927000000,-88.0
76,27,47.6551027,-122.3087160,927937500,-86.5
77,1,47.6536756,-122.3082758,902062500,-67.0
77,2,47.6536756,-122.3082758,903000000,-64.5
77,3,47.6536756,-122.3082758,904000000,-64.5
77,4,47.6536756,-122.3082758,905000000,-67.0
77,5,47.6536756,-122.3082758,906000000,-66.0
77,6,47.6536756,-122.3082758,907000000,-70.0
77,7,47.6536756,-122.3082758,908000000,-74.5
77,8,47.6536756,-122.3082758,909000000,-75.5
77,9,47.6536756,-122.3082758,910000000,-72.0
77,10,47.6536756,-122.3082758,911000000,-75.5
77,11,47.6536756,-122.3082758,912000000,-74.5
77,12,47.6536756,-122.3082758,913000000,-71.0
77,13,47.6536756,-122.3082758,914000000,-67.5
77,14,47.6536756,-122.3082758,915000000,-67.0
77,15,47.6536756,-122.3082758,916000000,-70.0
77,16,47.6536756,-122.3082758,917000000,-70.0
77,17,47.6536756,-122.3082758,918000000,-69.0
77,18,47.6536756,-122.3082758,919000000,-67.0
77,19,47.6536756,-122.3082758,920000000,-69.0
77,20,47.6536756,-122.3082758,921000000,-69.0
77,21,47.6536756,-122.3082758,922000000,-68.5
77,22,47.6536756,-122.3082758,923000000,-71.0
77,23,47.6536756,-122.3082758,924000000,-69.0
77,24,47.6536756,-122.3082758,925000000,-71.0
77,25,47.6536756,-122.3082758,926000000,-74.0
77,26,47.6536756,-122.3082758,927000000,-78.0
77,27,47.6536756,-122.3082758,927937500,-76.0
78,1,47.6536483,-122.3083328,902062500,-75.5
78,2,47.6536483,-122.3083328,903000000,-70.0
78,3,47.6536483,-122.3083328,904000000,-69.5
78,4,47.6536483,-122.3083328,905000000,-79.5
78,5,47.6536483,-122.3083328,906000000,-71.5
78,6,47.6536483,-122.3083328,907000000,-71.0
78,7,47.6536483,-122.3083328,908000000,-73.0
78,8,47.6536483,-122.3083328,909000000,-77.0
78,9,47.6536483,-122.3083328,910000000,-71.0
78,10,47.6536483,-122.3083328,911000000,-68.5
78,11,47.6536483,-122.3083328,912000000,-69.0
78,12,47.6536483,-122.3083328,913000000,-71.5
78,13,47.6536483,-122.3083328,914000000,-71.5
78,14,47.6536483,-122.3083328,915000000,-73.5
78,15,47.6536483,-122.3083328,916000000,-81.0
78,16,47.6536483,-122.3083328,917000000,-81.5
78,17,47.6536483,-122.3083328,918000000,-74.0
78,18,47.6536483,-122.3083328,919000000,-69.0
78,19,47.6536483,-122.3083328,920000000,-68.0
78,20,47.6536483,-122.3083328,921000000,-71.5
78,21,47.6536483,-122.3083328,922000000,-70.0
78,22,47.6536483,-122.3083328,923000000,-70.5
78,23,47.6536483,-122.3083328,924000000,-72.5
78,24,47.6536483,-122.3083328,925000000,-77.0
78,25,47.6536483,-122.3083328,926000000,-89.0
78,26,47.6536483,-122.3083328,927000000,-75.5
78,27,47.6536483,-122.3083328,927937500,-73.5
79,1,47.6534380,-122.3082705,902062500,-80.0
79,2,47.6534380,-122.3082705,903000000,-85.0
79,3,47.6534380,-122.3082705,904000000,-70.5
79,4,47.6534380,-122.3082705,905000000,-72.0
79,5,47.6534380,-122.3082705,906000000,-72.0
79,6,47.6534380,-122.3082705,907000000,-73.5
79,7,47.6534380,-122.3082705,908000000,-71.5
79,8,47.6534380,-122.3082705,909000000,-68.5
79,9,47.6534380,-122.3082705,910000000,-69.5
79,10,47.6534380,-122.3082705,911000000,-70.0
79,11,47.6534380,-122.3082705,912000000,-70.0
79,12,47.6534380,-122.3082705,913000000,-65.0
79,13,47.6534380,-122.3082705,914000000,-67.0
79,14,47.6534380,-122.3082705,915000000,-68.5
79,15,47.6534380,-122.3082705,916000000,-68.0
79,16,47.6534380,-122.3082705,917000000,-69.0
79,17,47.6534380,-122.3082705,918000000,-67.0
79,18,47.6534380,-122.3082705,919000000,-69.5
79,19,47.6534380,-122.3082705,920000000,-73.5
79,20,47.6534380,-122.3082705,921000000,-84.0
79,21,47.6534380,-122.3082705,922000000,-78.5
79,22,47.6534380,-122.3082705,923000000,-73.5
79,23,47.6534380,-122.3082705,924000000,-74.0
79,24,47.6534380,-122.3082705,925000000,-77.0
79,25,47.6534380,-122.3082705,926000000,-76.5
79,26,47.6534380,-122.3082705,927000000,-77.5
79,27,47.6534380,-122.3082705,927937500,-72.0
80,1,47.6534123,-122.3077008,902062500,-64.0
80,2,47.6534123,-122.3077008,903000000,-62.0
80,3,47.6534123,-122.3077008,904000000,-63.5
80,4,47.6534123,-122.3077008,905000000,-64.0
80,5,47.6534123,-122.3077008,906000000,-67.5
80,6,47.6534123,-122.3077008,907000000,-72.5
80,7,47.6534123,-122.3077008,908000000,-64.0
80,8,47.6534123,-122.3077008,909000000,-68.5
80,9,47.6534123,-122.3077008,910000000,-70.5
80,10,47.6534123,-122.3077008,911000000,-70.5
80,11,47.6534123,-122.3077008,912000000,-66.5
80,12,47.6534123,-122.3077008,913000000,-72.0
80,13,47.6534123,-122.3077008,914000000,-68.0
80,14,47.6534123,-122.3077008,915000000,-67.0
80,15,47.6534123,-122.3077008,916000000,-65.0
80,16,47.6534123,-122.3077008,917000000,-67.5
80,17,47.6534123,-122.3077008,918000000,-68.0
80,18,47.6534123,-122.3077008,919000000,-67.0
80,19,47.6534123,-122.3077008,920000000,-64.5
80,20,47.6534123,-122.3077008,921000000,-65.5
80,21,47.6534123,-122.3077008,922000000,-66.5
80,22,47.6534123,-122.3077008,923000000,-66.0
80,23,47.6534123,-122.3077008,924000000,-77.0
80,24,47.6534123,-122.3077008,925000000,-71.0
80,25,47.6534123,-122.3077008,926000000,-66.0
80,26,47.6534123,-122.3077008,927000000,-66.0
80,27,47.6534123,-122.3077008,927937500,-65.0
81,1,47.6544715,-122.3071057,902062500,-58.5
81,2,47.6544715,-122.3071057,903000000,-59.0
81,3,47.6544715,-122.3071057,904000000,-59.0
81,4,47.6544715,-122.3071057,905000000,-60.0
81,5,47.6544715,-122.3071057,906000000,-59.0
81,6,47.6544715,-122.3071057,907000000,-59.0
81,7,47.6544715,-122.3071057,908000000,-61.0
81,8,47.6544715,-122.3071057,909000000,-63.0
81,9,47.6544715,-122.3071057,910000000,-74.0
81,10,47.6544715,-122.3071057,911000000,-74.5
81,11,47.6544715,-122.3071057,912000000,-84.5
81,12,47.6544715,-122.3071057,913000000,-69.5
81,13,47.6544715,-122.3071057,914000000,-84.0
81,14,47.6544715,-122.3071057,915000000,-68.0
81,15,47.6544715,-122.3071057,916000000,-62.5
81,16,47.6544715,-122.3071057,917000000,-59.0
81,17,47.6544715,-122.3071057,918000000,-64.5
81,18,47.6544715,-122.3071057,919000000,-64.0
81,19,47.6544715,-122.3071057,920000000,-62.0
81,20,47.6544715,-122.3071057,921000000,-65.0
81,21,47.6544715,-122.3071057,922000000,-68.5
81,22,47.6544715,-122.3071057,923000000,-65.0
81,23,47.6544715,-122.3071057,924000000,-58.0
81,24,47.6544715,-122.3071057,925000000,-60.5
81,25,47.6544715,-122.3071057,926000000,-62.5
81,26,47.6544715,-122.3071057,927000000,-60.0
81,27,47.6544715,-122.3071057,927937500,-57.0
82,1,47.6543852,-122.3073625,902062500,-64.5
82,2,47.6543852,-122.3073625,903000000,-74.0
82,3,47.6543852,-122.3073625,904000000,-72.0
82,4,47.6543852,-122.3073625,905000000,-68.0
82,5,47.6543852,-122.3073625,906000000,-65.0
82,6,47.6543852,-122.3073625,907000000,-67.5
82,7,47.6543852,-122.3073625,908000000,-67.0
82,8,47.6543852,-122.3073625,909000000,-70.0
82,9,47.6543852,-122.3073625,910000000,-82.0
82,10,47.6543852,-122.3073625,911000000,-90.5
82,11,47.6543852,-122.3073625,912000000,-72.0
82,12,47.6543852,-122.3073625,913000000,-67.5
82,13,47.6543852,-122.3073625,914000000,-71.5
82,14,47.6543852,-122.3073625,915000000,-66.0
82,15,47.6543852,-122.3073625,916000000,-74.0
82,16,47.6543852,-122.3073625,917000000,-70.5
82,17,47.6543852,-122.3073625,918000000,-66.5
82,18,47.6543852,-122.3073625,919000000,-66.5
82,19,47.6543852,-122.3073625,920000000,-67.0
82,20,47.6543852,-122.3073625,921000000,-70.0
82,21,47.6543852,-122.3073625,922000000,-78.0
82,22,47.6543852,-122.3073625,923000000,-67.0
82,23,47.6543852,-122.3073625,924000000,-71.5
82,24,47.6543852,-122.3073625,925000000,-74.5
82,25,47.6543852,-122.3073625,926000000,-73.5
82,26,47.6543852,-122.3073625,927000000,-69.5
82,27,47.6543852,-122.3073625,927937500,-67.0
83,1,47.6541061,-122.3066584,902062500,-58.5
83,2,47.6541061,-122.3066584,903000000,-60.5
83,3,47.6541061,-122.3066584,904000000,-61.0
83,4,47.6541061,-122.3066584,905000000,-65.0
83,5,47.6541061,-122.3066584,906000000,-61.5
83,6,47.6541061,-122.3066584,907000000,-61.0
83,7,47.6541061,-122.3066584,908000000,-69.5
83,8,47.6541061,-122.3066584,909000000,-64.0
83,9,47.6541061,-122.3066584,910000000,-64.0
83,10,47.6541061,-122.3066584,911000000,-65.5
83,11,47.6541061,-122.3066584,912000000,-62.5
83,12,47.6541061,-122.3066584,913000000,-66.5
83,13,47.6541061,-122.3066584,914000000,-68.5
83,14,47.6541061,-122.3066584,915000000,-63.0
83,15,47.6541061,-122.3066584,916000000,-63.5
83,16,47.6541061,-122.3066584,917000000,-63.0
83,17,47.6541061,-122.3066584,918000000,-65.0
83,18,47.6541061,-122.3066584,919000000,-60.5
83,19,47.6541061,-122.3066584,920000000,-71.0
83,20,47.6541061,-122.3066584,921000000,-65.5
83,21,47.6541061,-122.3066584,922000000,-63.5
83,22,47.6541061,-122.3066584,923000000,-67.0
83,23,47.6541061,-122.3066584,924000000,-65.0
83,24,47.6541061,-122.3066584,925000000,-66.5
83,25,47.6541061,-122.3066584,926000000,-65.5
83,26,47.6541061,-122.3066584,927000000,-82.0
83,27,47.6541061,-122.3066584,927937500,-72.0
84,1,47.6541219,-122.3073611,902062500,-61.0
84,2,47.6541219,-122.3073611,903000000,-71.0
84,3,47.6541219,-122.3073611,904000000,-59.5
84,4,47.6541219,-122.3073611,905000000,-59.0
84,5,47.6541219,-122.3073611,906000000,-65.5
84,6,47.6541219,-122.3073611,907000000,-63.0
84,7,47.6541219,-122.3073611,908000000,-65.0
84,8,47.6541219,-122.3073611,909000000,-69.0
84,9,47.6541219,-122.3073611,910000000,-68.0
84,10,47.6541219,-122.3073611,911000000,-67.5
84,11,47.6541219,-122.3073611,912000000,-66.0
84,12,47.6541219,-122.3073611,913000000,-62.0
84,13,47.6541219,-122.3073611,914000000,-72.0
84,14,47.6541219,-122.3073611,915000000,-62.0
84,15,47.6541219,-122.3073611,916000000,-63.0
84,16,47.6541219,-122.3073611,917000000,-73.5
84,17,47.6541219,-122.3073611,918000000,-64.0
84,18,47.6541219,-122.3073611,919000000,-62.5
84,19,47.6541219,-122.3073611,920000000,-71.0
84,20,47.6541219,-122.3073611,921000000,-61.0
84,21,47.6541219,-122.3073611,922000000,-70.5
84,22,47.6541219,-122.3073611,923000000,-63.0
84,23,47.6541219,-122.3073611,924000000,-61.0
84,24,47.6541219,-122.3073611,925000000,-78.0
84,25,47.6541219,-122.3073611,926000000,-64.5
84,26,47.6541219,-122.3073611,927000000,-65.0
84,27,47.6541219,-122.3073611,927937500,-73.0
85,1,47.6538550,-122.3071912,902062500,-71.5
85,2,47.6538550,-122.3071912,903000000,-74.5
85,3,47.6538550,-122.3071912,904000000,-77.0
85,4,47.6538550,-122.3071912,905000000,-77.0
85,5,47.6538550,-122.3071912,906000000,-72.0
85,6,47.6538550,-122.3071912,907000000,-68.0
85,7,47.6538550,-122.3071912,908000000,-76.5
85,8,47.6538550,-122.3071912,909000000,-72.5
85,9,47.6538550,-122.3071912,910000000,-70.0
85,10,47.6538550,-122.3071912,911000000,-68.0
85,11,47.6538550,-122.3071912,912000000,-71.5
85,12,47.6538550,-122.3071912,913000000,-75.5
85,13,47.6538550,-122.3071912,914000000,-71.5
85,14,47.6538550,-122.3071912,915000000,-79.0
85,15,47.6538550,-122.3071912,916000000,-77.5
85,16,47.6538550,-122.3071912,917000000,-80.5
85,17,47.6538550,-122.3071912,918000000,-70.0
85,18,47.6538550,-122.3071912,919000000,-78.0
85,19,47.6538550,-122.3071912,920000000,-87.5
85,20,47.6538550,-122.3071912,921000000,-76.5
85,21,47.6538550,-122.3071912,922000000,-75.5
85,22,47.6538550,-122.3071912,923000000,-89.5
85,23,47.6538550,-122.3071912,924000000,-72.5
85,24,47.6538550,-122.3071912,925000000,-69.5
85,25,47.6538550,-122.3071912,926000000,-69.0
85,26,47.6538550,-122.3071912,927000000,-68.0
85,27,47.6538550,-122.3071912,927937500,-77.5
86,1,47.6537172,-122.3070886,902062500,-64.0
86,2,47.6537172,-122.3070886,903000000,-65.0
86,3,47.6537172,-122.3070886,904000000,-66.0
86,4,47.6537172,-122.3070886,905000000,-67.0
86,5,47.6537172,-122.3070886,906000000,-69.5
86,6,47.6537172,-122.3070886,907000000,-76.5
86,7,47.6537172,-122.3070886,908000000,-80.0
86,8,47.6537172,-122.3070886,909000000,-78.0
86,9,47.6537172,-122.3070886,910000000,-79.5
86,10,47.6537172,-122.3070886,911000000,-83.0
86,11,47.6537172,-122.3070886,912000000,-71.5
86,12,47.6537172,-122.3070886,913000000,-69.5
86,13,47.6537172,-122.3070886,914000000,-71.5
86,14,47.6537172,-122.3070886,915000000,-69.0
86,15,47.6537172,-122.3070886,916000000,-67.5
86,16,47.6537172,-122.3070886,917000000,-70.5
86,17,47.6537172,-122.3070886,918000000,-66.5
86,18,47.6537172,-122.3070886,919000000,-72.0
86,19,47.6537172,-122.3070886,920000000,-67.5
86,20,47.6537172,-122.3070886,921000000,-63.5
86,21,47.6537172,-122.3070886,922000000,-71.0
86,22,47.6537172,-122.3070886,923000000,-67.0
86,23,47.6537172,-122.3070886,924000000,-65.5
86,24,47.6537172,-122.3070886,925000000,-67.0
86,25,47.6537172,-122.3070886,926000000,-67.0
86,26,47.6537172,-122.3070886,927000000,-72.0
86,27,47.6537172,-122.3070886,927937500,-67.0
87,1,47.6535856,-122.3071210,902062500,-77.5
87,2,47.6535856,-122.3071210,903000000,-72.0
87,3,47.6535856,-122.3071210,904000000,-72.5
87,4,47.6535856,-122.3071210,905000000,-68.0
87,5,47.6535856,-122.3071210,906000000,-68.0
87,6,47.6535856,-122.3071210,907000000,-65.5
87,7,47.6535856,-122.3071210,908000000,-64.5
87,8,47.6535856,-122.3071210,909000000,-65.0
87,9,47.6535856,-122.3071210,910000000,-65.0
87,10,47.6535856,-122.3071210,911000000,-65.0
87,11,47.6535856,-122.3071210,912000000,-62.0
87,12,47.6535856,-122.3071210,913000000,-65.5
87,13,47.6535856,-122.3071210,914000000,-62.5
87,14,47.6535856,-122.3071210,915000000,-73.5
87,15,47.6535856,-122.3071210,916000000,-69.5
87,16,47.6535856,-122.3071210,917000000,-67.5
87,17,47.6535856,-122.3071210,918000000,-68.0
87,18,47.6535856,-122.3071210,919000000,-64.0
87,19,47.6535856,-122.3071210,920000000,-67.0
87,20,47.6535856,-122.3071210,921000000,-64.0
87,21,47.6535856,-122.3071210,922000000,-66.5
87,22,47.6535856,-122.3071210,923000000,-65.0
87,23,47.6535856,-122.3071210,924000000,-64.0
87,24,47.6535856,-122.3071210,925000000,-64.0
87,25,47.6535856,-122.3071210,926000000,-62.0
87,26,47.6535856,-122.3071210,927000000,-65.0
87,27,47.6535856,-122.3071210,927937500,-64.5
88,1,47.6534828,-122.3078617,902062500,-58.0
88,2,47.6534828,-122.3078617,903000000,-57.5
88,3,47.6534828,-122.3078617,904000000,-58.0
88,4,47.6534828,-122.3078617,905000000,-57.5
88,5,47.6534828,-122.3078617,906000000,-57.5
88,6,47.6534828,-122.3078617,907000000,-58.0
88,7,47.6534828,-122.3078617,908000000,-58.0
88,8,47.6534828,-122.3078617,909000000,-57.0
88,9,47.6534828,-122.3078617,910000000,-58.5
88,10,47.6534828,-122.3078617,911000000,-58.5
88,11,47.6534828,-122.3078617,912000000,-58.0
88,12,47.6534828,-122.3078617,913000000,-57.0
88,13,47.6534828,-122.3078617,914000000,-57.0
88,14,47.6534828,-122.3078617,915000000,-57.5
88,15,47.6534828,-122.3078617,916000000,-59.0
88,16,47.6534828,-122.3078617,917000000,-58.5
88,17,47.6534828,-122.3078617,918000000,-58.0
88,18,47.6534828,-122.3078617,919000000,-60.0
88,19,47.6534828,-122.3078617,920000000,-59.0
88,20,47.6534828,-122.3078617,921000000,-59.0
88,21,47.6534828,-122.3078617,922000000,-60.0
88,22,47.6534828,-122.3078617,923000000,-60.5
88,23,47.6534828,-122.3078617,924000000,-61.5
88,24,47.6534828,-122.3078617,925000000,-62.0
88,25,47.6534828,-122.3078617,926000000,-63.0
88,26,47.6534828,-122.3078617,927000000,-64.0
88,27,47.6534828,-122.3078617,927937500,-65.0
89,1,47.6542863,-122.3080599,902062500,-79.0
89,2,47.6542863,-122.3080599,903000000,-73.0
89,3,47.6542863,-122.3080599,904000000,-79.0
89,4,47.6542863,-122.3080599,905000000,-69.0
89,5,47.6542863,-122.3080599,906000000,-76.5
89,6,47.6542863,-122.3080599,907000000,-75.5
89,7,47.6542863,-122.3080599,908000000,-72.0
89,8,47.6542863,-122.3080599,909000000,-71.0
89,9,47.6542863,-122.3080599,910000000,-69.0
89,10,47.6542863,-122.3080599,911000000,-85.5
89,11,47.6542863,-122.3080599,912000000,-75.0
89,12,47.6542863,-122.3080599,913000000,-77.0
89,13,47.6542863,-122.3080599,914000000,-74.0
89,14,47.6542863,-122.3080599,915000000,-70.0
89,15,47.6542863,-122.3080599,916000000,-79.0
89,16,47.6542863,-122.3080599,917000000,-69.5
89,17,47.6542863,-122.3080599,918000000,-72.5
89,18,47.6542863,-122.3080599,919000000,-69.5
89,19,47.6542863,-122.3080599,920000000,-70.0
89,20,47.6542863,-122.3080599,921000000,-71.0
89,21,47.6542863,-122.3080599,922000000,-69.5
89,22,47.6542863,-122.3080599,923000000,-69.0
89,23,47.6542863,-122.3080599,924000000,-71.5
89,24,47.6542863,-122.3080599,925000000,-67.5
89,25,47.6542863,-122.3080599,926000000,-72.5
89,26,47.6542863,-122.3080599,927000000,-75.0
89,27,47.6542863,-122.3080599,927937500,-85.0
90,1,47.6542364,-122.3081799,902062500,-60.5
90,2,47.6542364,-122.3081799,903000000,-60.5
90,3,47.6542364,-122.3081799,904000000,-61.0
90,4,47.6542364,-122.3081799,905000000,-60.0
90,5,47.6542364,-122.3081799,906000000,-60.0
90,6,47.6542364,-122.3081799,907000000,-60.0
90,7,47.6542364,-122.3081799,908000000,-61.5
90,8,47.6542364,-122.3081799,909000000,-60.0
90,9,47.6542364,-122.3081799,910000000,-60.0
90,10,47.6542364,-122.3081799,911000000,-60.0
90,11,47.6542364,-122.3081799,912000000,-60.0
90,12,47.6542364,-122.3081799,913000000,-61.0
90,13,47.6542364,-122.3081799,914000000,-61.0
90,14,47.6542364,-122.3081799,915000000,-60.0
90,15,47.6542364,-122.3081799,916000000,-61.0
90,16,47.6542364,-122.3081799,917000000,-62.5
90,17,47.6542364,-122.3081799,918000000,-60.0
90,18,47.6542364,-122.3081799,919000000,-62.5
90,19,47.6542364,-122.3081799,920000000,-62.5
90,20,47.6542364,-122.3081799,921000000,-63.0
90,21,47.6542364,-122.3081799,922000000,-64.0
90,22,47.6542364,-122.3081799,923000000,-63.0
90,23,47.6542364,-122.3081799,924000000,-64.0
90,24,47.6542364,-122.3081799,925000000,-68.5
90,25,47.6542364,-122.3081799,926000000,-66.0
90,26,47.6542364,-122.3081799,927000000,-66.0
90,27,47.6542364,-122.3081799,927937500,-68.5
91,1,47.6541793,-122.3077390,902062500,-65.0
91,2,47.6541793,-122.3077390,903000000,-65.0
91,3,47.6541793,-122.3077390,904000000,-66.0
91,4,47.6541793,-122.3077390,905000000,-65.5
91,5,47.6541793,-122.3077390,906000000,-66.5
91,6,47.6541793,-122.3077390,907000000,-64.0
91,7,47.6541793,-122.3077390,908000000,-67.5
91,8,47.6541793,-122.3077390,909000000,-65.0
91,9,47.6541793,-122.3077390,910000000,-62.0
91,10,47.6541793,-122.3077390,911000000,-76.5
91,11,47.6541793,-122.3077390,912000000,-71.5
91,12,47.6541793,-122.3077390,913000000,-64.0
91,13,47.6541793,-122.3077390,914000000,-63.0
91,14,47.6541793,-122.3077390,915000000,-79.5
91,15,47.6541793,-122.3077390,916000000,-63.0
91,16,47.6541793,-122.3077390,917000000,-63.0
91,17,47.6541793,-122.3077390,918000000,-64.5
91,18,47.6541793,-122.3077390,919000000,-64.0
91,19,47.6541793,-122.3077390,920000000,-76.0
91,20,47.6541793,-122.3077390,921000000,-62.0
91,21,47.6541793,-122.3077390,922000000,-66.0
91,22,47.6541793,-122.3077390,923000000,-69.0
91,23,47.6541793,-122.3077390,924000000,-68.0
91,24,47.6541793,-122.3077390,925000000,-64.0
91,25,47.6541793,-122.3077390,926000000,-67.0
91,26,47.6541793,-122.3077390,927000000,-74.5
91,27,47.6541793,-122.3077390,927937500,-66.5
92,1,47.6540286,-122.3083083,902062500,-67.5
92,2,47.6540286,-122.3083083,903000000,-66.0
92,3,47.6540286,-122.3083083,904000000,-68.0
92,4,47.6540286,-122.3083083,905000000,-76.0
92,5,47.6540286,-122.3083083,906000000,-66.0
92,6,47.6540286,-122.3083083,907000000,-68.5
92,7,47.6540286,-122.3083083,908000000,-78.0
92,8,47.6540286,-122.3083083,909000000,-66.0
92,9,47.6540286,-122.3083083,910000000,-69.0
92,10,47.6540286,-122.3083083,911000000,-76.0
92,11,47.6540286,-122.3083083,912000000,-67.5
92,12,47.6540286,-122.3083083,913000000,-68.0
92,13,47.6540286,-122.3083083,914000000,-73.0
92,14,47.6540286,-122.3083083,915000000,-80.5
92,15,47.6540286,-122.3083083,916000000,-83.0
92,16,47.6540286,-122.3083083,917000000,-84.5
92,17,47.6540286,-122.3083083,918000000,-89.0
92,18,47.6540286,-122.3083083,919000000,-80.0
92,19,47.6540286,-122.3083083,920000000,-71.5
92,20,47.6540286,-122.3083083,921000000,-83.5
92,21,47.6540286,-122.3083083,922000000,-74.5
92,22,47.6540286,-122.3083083,923000000,-80.0
92,23,47.6540286,-122.3083083,924000000,-77.0
92,24,47.6540286,-122.3083083,925000000,-89.5
92,25,47.6540286,-122.3083083,926000000,-81.0
92,26,47.6540286,-122.3083083,927000000,-76.5
92,27,47.6540286,-122.3083083,927937500,-84.0
93,1,47.6535302,-122.3081574,902062500,-68.0
93,2,47.6535302,-122.3081574,903000000,-66.0
93,3,47.6535302,-122.3081574,904000000,-67.5
93,4,47.6535302,-122.3081574,905000000,-66.5
93,5,47.6535302,-122.3081574,906000000,-67.5
93,6,47.6535302,-122.3081574,907000000,-69.5
93,7,47.6535302,-122.3081574,908000000,-69.5
93,8,47.6535302,-122.3081574,909000000,-73.0
93,9,47.6535302,-122.3081574,910000000,-69.0
93,10,47.6535302,-122.3081574,911000000,-68.0
93,11,47.6535302,-122.3081574,912000000,-68.5
93,12,47.6535302,-122.3081574,913000000,-67.0
93,13,47.6535302,-122.3081574,914000000,-65.5
93,14,47.6535302,-122.3081574,915000000,-72.0
93,15,47.6535302,-122.3081574,916000000,-74.0
93,16,47.6535302,-122.3081574,917000000,-72.5
93,17,47.6535302,-122.3081574,918000000,-74.5
93,18,47.6535302,-122.3081574,919000000,-71.0
93,19,47.6535302,-122.3081574,920000000,-75.5
93,20,47.6535302,-122.3081574,921000000,-76.5
93,21,47.6535302,-122.3081574,922000000,-72.5
93,22,47.6535302,-122.3081574,923000000,-67.5
93,23,47.6535302,-122.3081574,924000000,-67.5
93,24,47.6535302,-122.3081574,925000000,-70.0
93,25,47.6535302,-122.3081574,926000000,-71.0
93,26,47.6535302,-122.3081574,927000000,-75.0
93,27,47.6535302,-122.3081574,927937500,-69.5
94,1,47.6534286,-122.3081896,902062500,-71.5
94,2,47.6534286,-122.3081896,903000000,-70.5
94,3,47.6534286,-122.3081896,904000000,-71.5
94,4,47.6534286,-122.3081896,905000000,-70.0
94,5,47.6534286,-122.3081896,906000000,-69.0
94,6,47.6534286,-122.3081896,907000000,-69.0
94,7,47.6534286,-122.3081896,908000000,-69.0
94,8,47.6534286,-122.3081896,909000000,-71.5
94,9,47.6534286,-122.3081896,910000000,-71.0
94,10,47.6534286,-122.3081896,911000000,-71.0
94,11,47.6534286,-122.3081896,912000000,-69.0
94,12,47.6534286,-122.3081896,913000000,-69.0
94,13,47.6534286,-122.3081896,914000000,-70.5
94,14,47.6534286,-122.3081896,915000000,-70.5
94,15,47.6534286,-122.3081896,916000000,-71.0
94,16,47.6534286,-122.3081896,917000000,-71.5
94,17,47.6534286,-122.3081896,918000000,-77.0
94,18,47.6534286,-122.3081896,919000000,-79.5
94,19,47.6534286,-122.3081896,920000000,-81.5
94,20,47.6534286,-122.3081896,921000000,-79.0
94,21,47.6534286,-122.3081896,922000000,-83.0
94,22,47.6534286,-122.3081896,923000000,-76.0
94,23,47.6534286,-122.3081896,924000000,-80.0
94,24,47.6534286,-122.3081896,925000000,-79.5
94,25,47.6534286,-122.3081896,926000000,-75.0
94,26,47.6534286,-122.3081896,927000000,-71.5
94,27,47.6534286,-122.3081896,927937500,-77.5
95,1,47.6536481,-122.3072656,902062500,-59.0
95,2,47.6536481,-122.3072656,903000000,-58.0
95,3,47.6536481,-122.3072656,904000000,-57.0
95,4,47.6536481,-122.3072656,905000000,-56.0
95,5,47.6536481,-122.3072656,906000000,-56.0
95,6,47.6536481,-122.3072656,907000000,-58.0
95,7,47.6536481,-122.3072656,908000000,-58.0
95,8,47.6536481,-122.3072656,909000000,-61.0
95,9,47.6536481,-122.3072656,910000000,-60.0
95,10,47.6536481,-122.3072656,911000000,-63.0
95,11,47.6536481,-122.3072656,912000000,-64.0
95,12,47.6536481,-122.3072656,913000000,-63.0
95,13,47.6536481,-122.3072656,914000000,-66.0
95,14,47.6536481,-122.3072656,915000000,-63.5
95,15,47.6536481,-122.3072656,916000000,-60.5
95,16,47.6536481,-122.3072656,917000000,-60.0
95,17,47.6536481,-122.3072656,918000000,-58.5
95,18,47.6536481,-122.3072656,919000000,-57.5
95,19,47.6536481,-122.3072656,920000000,-57.0
95,20,47.6536481,-122.3072656,921000000,-57.5
95,21,47.6536481,-122.3072656,922000000,-57.0
95,22,47.6536481,-122.3072656,923000000,-57.0
95,23,47.6536481,-122.3072656,924000000,-57.5
95,24,47.6536481,-122.3072656,925000000,-61.0
95,25,47.6536481,-122.3072656,926000000,-60.5
95,26,47.6536481,-122.3072656,927000000,-67.0
95,27,47.6536481,-122.3072656,927937500,-63.0
96,1,47.6541289,-122.3074919,902062500,-69.0
96,2,47.6541289,-122.3074919,903000000,-63.5
96,3,47.6541289,-122.3074919,904000000,-65.0
96,4,47.6541289,-122.3074919,905000000,-61.0
96,5,47.6541289,-122.3074919,906000000,-66.5
96,6,47.6541289,-122.3074919,907000000,-60.5
96,7,47.6541289,-122.3074919,908000000,-72.5
96,8,47.6541289,-122.3074919,909000000,-62.0
96,9,47.6541289,-122.3074919,910000000,-60.5
96,10,47.6541289,-122.3074919,911000000,-72.0
96,11,47.6541289,-122.3074919,912000000,-62.0
96,12,47.6541289,-122.3074919,913000000,-64.5
96,13,47.6541289,-122.3074919,914000000,-68.0
96,14,47.6541289,-122.3074919,915000000,-63.5
96,15,47.6541289,-122.3074919,916000000,-69.5
96,16,47.6541289,-122.3074919,917000000,-65.0
96,17,47.6541289,-122.3074919,918000000,-68.0
96,18,47.6541289,-122.3074919,919000000,-67.5
96,19,47.6541289,-122.3074919,920000000,-63.5
96,20,47.6541289,-122.3074919,921000000,-66.0
96,21,47.6541289,-122.3074919,922000000,-70.0
96,22,47.6541289,-122.3074919,923000000,-67.0
96,23,47.6541289,-122.3074919,924000000,-65.5
96,24,47.6541289,-122.3074919,925000000,-68.0
96,25,47.6541289,-122.3074919,926000000,-64.0
96,26,47.6541289,-122.3074919,927000000,-75.0
96,27,47.6541289,-122.3074919,927937500,-66.0
97,1,47.6543532,-122.3076163,902062500,-72.0
97,2,47.6543532,-122.3076163,903000000,-69.0
97,3,47.6543532,-122.3076163,904000000,-66.0
97,4,47.6543532,-122.3076163,905000000,-68.5
97,5,47.6543532,-122.3076163,906000000,-74.0
97,6,47.6543532,-122.3076163,907000000,-63.5
97,7,47.6543532,-122.3076163,908000000,-80.5
97,8,47.6543532,-122.3076163,909000000,-68.0
97,9,47.6543532,-122.3076163,910000000,-71.5
97,10,47.6543532,-122.3076163,911000000,-77.0
97,11,47.6543532,-122.3076163,912000000,-80.5
97,12,47.6543532,-122.3076163,913000000,-66.0
97,13,47.6543532,-122.3076163,914000000,-68.5
97,14,47.6543532,-122.3076163,915000000,-66.0
97,15,47.6543532,-122.3076163,916000000,-65.5
97,16,47.6543532,-122.3076163,917000000,-78.0
97,17,47.6543532,-122.3076163,918000000,-70.0
97,18,47.6543532,-122.3076163,919000000,-70.5
97,19,47.6543532,-122.3076163,920000000,-72.5
97,20,47.6543532,-122.3076163,921000000,-71.5
97,21,47.6543532,-122.3076163,922000000,-70.0
97,22,47.6543532,-122.3076163,923000000,-67.5
97,23,47.6543532,-122.3076163,924000000,-74.5
97,24,47.6543532,-122.3076163,925000000,-74.0
97,25,47.6543532,-122.3076163,926000000,-82.5
97,26,47.6543532,-122.3076163,927000000,-76.0
97,27,47.6543532,-122.3076163,927937500,-71.0
98,1,47.6541723,-122.3082007,902062500,-60.0
98,2,47.6541723,-122.3082007,903000000,-59.0
98,3,47.6541723,-122.3082007,904000000,-60.5
98,4,47.6541723,-122.3082007,905000000,-62.5
98,5,47.6541723,-122.3082007,906000000,-60.5
98,6,47.6541723,-122.3082007,907000000,-63.0
98,7,47.6541723,-122.3082007,908000000,-61.5
98,8,47.6541723,-122.3082007,909000000,-63.0
98,9,47.6541723,-122.3082007,910000000,-64.5
98,10,47.6541723,-122.3082007,911000000,-65.0
98,11,47.6541723,-122.3082007,912000000,-65.0
98,12,47.6541723,-122.3082007,913000000,-62.0
98,13,47.6541723,-122.3082007,914000000,-65.0
98,14,47.6541723,-122.3082007,915000000,-66.0
98,15,47.6541723,-122.3082007,916000000,-62.5
98,16,47.6541723,-122.3082007,917000000,-65.0
98,17,47.6541723,-122.3082007,918000000,-64.5
98,18,47.6541723,-122.3082007,919000000,-62.5
98,19,47.6541723,-122.3082007,920000000,-65.0
98,20,47.6541723,-122.3082007,921000000,-65.0
98,21,47.6541723,-122.3082007,922000000,-64.0
98,22,47.6541723,-122.3082007,923000000,-65.0
98,23,47.6541723,-122.3082007,924000000,-68.0
98,24,47.6541723,-122.3082007,925000000,-67.0
98,25,47.6541723,-122.3082007,926000000,-64.5
98,26,47.6541723,-122.3082007,927000000,-68.5
98,27,47.6541723,-122.3082007,927937500,-68.0
99,1,47.6540623,-122.3079747,902062500,-69.0
99,2,47.6540623,-122.3079747,903000000,-69.0
99,3,47.6540623,-122.3079747,904000000,-66.0
99,4,47.6540623,-122.3079747,905000000,-72.0
99,5,47.6540623,-122.3079747,906000000,-67.0
99,6,47.6540623,-122.3079747,907000000,-65.0
99,7,47.6540623,-122.3079747,908000000,-69.0
99,8,47.6540623,-122.3079747,909000000,-64.0
99,9,47.6540623,-122.3079747,910000000,-64.5
99,10,47.6540623,-122.3079747,911000000,-87.5
99,11,47.6540623,-122.3079747,912000000,-67.0
99,12,47.6540623,-122.3079747,913000000,-67.0
99,13,47.6540623,-122.3079747,914000000,-77.0
99,14,47.6540623,-122.3079747,915000000,-70.0
99,15,47.6540623,-122.3079747,916000000,-77.5
99,16,47.6540623,-122.3079747,917000000,-77.5
99,17,47.6540623,-122.3079747,918000000,-81.0
99,18,47.6540623,-122.3079747,919000000,-77.0
99,19,47.6540623,-122.3079747,920000000,-85.5
99,20,47.6540623,-122.3079747,921000000,-76.0
99,21,47.6540623,-122.3079747,922000000,-75.0
99,22,47.6540623,-122.3079747,923000000,-77.5
99,23,47.6540623,-122.3079747,924000000,-86.0
99,24,47.6540623,-122.3079747,925000000,-79.0
99,25,47.6540623,-122.3079747,926000000,-84.5
99,26,47.6540623,-122.3079747,927000000,-74.0
99,27,47.6540623,-122.3079747,927937500,-77.0
100,1,47.6535616,-122.307637,902062500,-57.5
100,2,47.6535616,-122.307637,903000000,-57.0
100,3,47.6535616,-122.307637,904000000,-59.0
100,4,47.6535616,-122.307637,905000000,-57.5
100,5,47.6535616,-122.307637,906000000,-58.0
100,6,47.6535616,-122.307637,907000000,-58.0
100,7,47.6535616,-122.307637,908000000,-58.0
100,8,47.6535616,-122.307637,909000000,-56.0
100,9,47.6535616,-122.307637,910000000,-58.0
100,10,47.6535616,-122.307637,911000000,-58.0
100,11,47.6535616,-122.307637,912000000,-57.5
100,12,47.6535616,-122.307637,913000000,-57.5
100,13,47.6535616,-122.307637,914000000,-61.0
100,14,47.6535616,-122.307637,915000000,-61.0
100,15,47.6535616,-122.307637,916000000,-60.0
100,16,47.6535616,-122.307637,917000000,-60.0
100,17,47.6535616,-122.307637,918000000,-59.5
100,18,47.6535616,-122.307637,919000000,-60.0
100,19,47.6535616,-122.307637,920000000,-59.5
100,20,47.6535616,-122.307637,921000000,-58.0
100,21,47.6535616,-122.307637,922000000,-54.5
100,22,47.6535616,-122.307637,923000000,-59.0
100,23,47.6535616,-122.307637,924000000,-59.0
100,24,47.6535616,-122.307637,925000000,-58.0
100,25,47.6535616,-122.307637,926000000,-59.0
100,26,47.6535616,-122.307637,927000000,-58.0
100,27,47.6535616,-122.307637,927937500,-63.0
